{
  "v": "5.7.1",
  "fr": 30,
  "ip": 0,
  "op": 70,
  "w": 500,
  "h": 300,
  "nm": "American Express",
  "ddd": 0,
  "assets": [],
  "layers": [
    {
      "ddd": 0,
      "ind": 1,
      "ty": 4,
      "nm": "wave Outlines",
      "td": 1,
      "sr": 1,
      "ks": {
        "o": { "a": 0, "k": 100, "ix": 11 },
        "r": { "a": 0, "k": 0, "ix": 10 },
        "p": {
          "a": 1,
          "k": [
            {
              "i": { "x": 0.667, "y": 1 },
              "o": { "x": 0.333, "y": 0 },
              "t": 0,
              "s": [-376, 296, 0],
              "to": [105.333, -43, 0],
              "ti": [-105.333, 43, 0]
            },
            { "t": 60, "s": [256, 38, 0] }
          ],
          "ix": 2
        },
        "a": { "a": 0, "k": [1041, 228.5, 0], "ix": 1 },
        "s": { "a": 0, "k": [100, 100, 100], "ix": 6 }
      },
      "ao": 0,
      "shapes": [
        {
          "ty": "gr",
          "it": [
            {
              "ind": 0,
              "ty": "sh",
              "ix": 1,
              "ks": {
                "a": 0,
                "k": {
                  "i": [
                    [-18.959, 18.959],
                    [0, 0],
                    [-39.48, -39.48],
                    [0, 0],
                    [-39.48, 39.48],
                    [0, 0],
                    [-39.48, -39.48],
                    [0, 0],
                    [-39.48, 39.48],
                    [0, 0],
                    [-39.48, -39.48],
                    [0, 0],
                    [-39.48, 39.48],
                    [0, 0],
                    [-39.48, -39.48],
                    [0, 0],
                    [-39.559, 39.013],
                    [0, 0],
                    [-39.287, -39.287],
                    [0, 0],
                    [-39.48, 39.48],
                    [0, 0],
                    [-39.48, -39.48],
                    [0, 0],
                    [-39.48, 39.48],
                    [-39.305, -40.445],
                    [0, 0],
                    [0, -26.312],
                    [0, 0],
                    [55.833, 0],
                    [0, 0],
                    [0, 55.833],
                    [0, 0]
                  ],
                  "o": [
                    [0, 0],
                    [39.48, -39.48],
                    [0, 0],
                    [39.48, 39.48],
                    [0, 0],
                    [39.481, -39.48],
                    [0, 0],
                    [39.481, 39.48],
                    [0, 0],
                    [39.481, -39.48],
                    [0, 0],
                    [39.481, 39.48],
                    [0, 0],
                    [39.481, -39.48],
                    [0, 0],
                    [39.288, 39.286],
                    [0, 0],
                    [39.559, -39.012],
                    [0, 0],
                    [39.481, 39.48],
                    [0, 0],
                    [39.481, -39.48],
                    [0, 0],
                    [39.481, 39.48],
                    [39.88, -39.88],
                    [0, 0],
                    [18.338, 18.869],
                    [0, 0],
                    [0, 55.833],
                    [0, 0],
                    [-55.834, 0],
                    [0, 0],
                    [0, -26.813]
                  ],
                  "v": [
                    [-975.14, -57.363],
                    [-932.236, -100.267],
                    [-789.265, -100.267],
                    [-788.236, -99.238],
                    [-645.265, -99.238],
                    [-644.236, -100.267],
                    [-501.265, -100.267],
                    [-500.236, -99.238],
                    [-357.265, -99.238],
                    [-356.236, -100.267],
                    [-213.265, -100.267],
                    [-213.236, -100.238],
                    [-70.265, -100.238],
                    [-69.236, -101.267],
                    [73.735, -101.267],
                    [75.258, -99.743],
                    [217.732, -99.249],
                    [219.767, -101.257],
                    [362.241, -100.762],
                    [363.764, -99.238],
                    [506.735, -99.238],
                    [507.764, -100.267],
                    [650.735, -100.267],
                    [651.764, -99.238],
                    [794.735, -99.238],
                    [938.72, -98.21],
                    [976.653, -59.178],
                    [1005.25, 11.279],
                    [1005.25, 681.152],
                    [904.154, 782.247],
                    [-903.654, 782.247],
                    [-1004.75, 681.152],
                    [-1004.75, 14.123]
                  ],
                  "c": true
                },
                "ix": 2
              },
              "nm": "Path 1",
              "mn": "ADBE Vector Shape - Group",
              "hd": false
            },
            {
              "ty": "fl",
              "c": { "a": 0, "k": [0, 0, 0, 1], "ix": 4 },
              "o": { "a": 0, "k": 100, "ix": 5 },
              "r": 1,
              "bm": 0,
              "nm": "Fill 1",
              "mn": "ADBE Vector Graphic - Fill",
              "hd": false
            },
            {
              "ty": "tr",
              "p": { "a": 0, "k": [1077.25, 316.253], "ix": 2 },
              "a": { "a": 0, "k": [0, 0], "ix": 1 },
              "s": { "a": 0, "k": [100, 100], "ix": 3 },
              "r": { "a": 0, "k": 0, "ix": 6 },
              "o": { "a": 0, "k": 100, "ix": 7 },
              "sk": { "a": 0, "k": 0, "ix": 4 },
              "sa": { "a": 0, "k": 0, "ix": 5 },
              "nm": "Transform"
            }
          ],
          "nm": "Group 1",
          "np": 4,
          "cix": 2,
          "bm": 0,
          "ix": 1,
          "mn": "ADBE Vector Group",
          "hd": false
        }
      ],
      "ip": 0,
      "op": 70,
      "st": 0,
      "bm": 0
    },
    {
      "ddd": 0,
      "ind": 2,
      "ty": 4,
      "nm": "american-express Outlines 2",
      "tt": 1,
      "sr": 1,
      "ks": {
        "o": { "a": 0, "k": 100, "ix": 11 },
        "r": { "a": 0, "k": 0, "ix": 10 },
        "p": { "a": 0, "k": [250, 150.5, 0], "ix": 2 },
        "a": { "a": 0, "k": [252, 88, 0], "ix": 1 },
        "s": { "a": 0, "k": [79.358, 79.358, 100], "ix": 6 }
      },
      "ao": 0,
      "shapes": [
        {
          "ty": "gr",
          "it": [
            {
              "ind": 0,
              "ty": "sh",
              "ix": 1,
              "ks": {
                "a": 0,
                "k": {
                  "i": [
                    [0, 0],
                    [0, 0],
                    [0, 0]
                  ],
                  "o": [
                    [0, 0],
                    [0, 0],
                    [0, 0]
                  ],
                  "v": [
                    [-1.2, -1.2],
                    [0.4, 1.2],
                    [1.2, 1.2]
                  ],
                  "c": true
                },
                "ix": 2
              },
              "nm": "Path 1",
              "mn": "ADBE Vector Shape - Group",
              "hd": false
            },
            {
              "ty": "fl",
              "c": {
                "a": 0,
                "k": [0.273429242302, 0.466132160262, 0.710364487592, 1],
                "ix": 4
              },
              "o": { "a": 0, "k": 100, "ix": 5 },
              "r": 1,
              "bm": 0,
              "nm": "Fill 1",
              "mn": "ADBE Vector Graphic - Fill",
              "hd": false
            },
            {
              "ty": "tr",
              "p": { "a": 0, "k": [432.4, 78], "ix": 2 },
              "a": { "a": 0, "k": [0, 0], "ix": 1 },
              "s": { "a": 0, "k": [100, 100], "ix": 3 },
              "r": { "a": 0, "k": 0, "ix": 6 },
              "o": { "a": 0, "k": 100, "ix": 7 },
              "sk": { "a": 0, "k": 0, "ix": 4 },
              "sa": { "a": 0, "k": 0, "ix": 5 },
              "nm": "Transform"
            }
          ],
          "nm": "Group 1",
          "np": 2,
          "cix": 2,
          "bm": 0,
          "ix": 1,
          "mn": "ADBE Vector Group",
          "hd": false
        },
        {
          "ty": "gr",
          "it": [
            {
              "ind": 0,
              "ty": "sh",
              "ix": 1,
              "ks": {
                "a": 0,
                "k": {
                  "i": [
                    [1.6, 0.8],
                    [2.4, 0],
                    [0, 0],
                    [0, 0],
                    [0, 0],
                    [-1.6, 0.8],
                    [0, 2.4]
                  ],
                  "o": [
                    [-1.6, -0.8],
                    [0, 0],
                    [0, 0],
                    [0, 0],
                    [2.4, 0],
                    [1.6, -0.8],
                    [0.8, -3.2]
                  ],
                  "v": [
                    [9.6, -5.6],
                    [3.2, -6.4],
                    [-12.8, -6.4],
                    [-12.8, 6.4],
                    [3.2, 6.4],
                    [9.6, 5.6],
                    [12, 0]
                  ],
                  "c": true
                },
                "ix": 2
              },
              "nm": "Path 1",
              "mn": "ADBE Vector Shape - Group",
              "hd": false
            },
            {
              "ty": "fl",
              "c": {
                "a": 0,
                "k": [0.172969892913, 0.321457208372, 0.637969132966, 1],
                "ix": 4
              },
              "o": { "a": 0, "k": 100, "ix": 5 },
              "r": 1,
              "bm": 0,
              "nm": "Fill 1",
              "mn": "ADBE Vector Graphic - Fill",
              "hd": false
            },
            {
              "ty": "tr",
              "p": { "a": 0, "k": [308, 126.4], "ix": 2 },
              "a": { "a": 0, "k": [0, 0], "ix": 1 },
              "s": { "a": 0, "k": [100, 100], "ix": 3 },
              "r": { "a": 0, "k": 0, "ix": 6 },
              "o": { "a": 0, "k": 100, "ix": 7 },
              "sk": { "a": 0, "k": 0, "ix": 4 },
              "sa": { "a": 0, "k": 0, "ix": 5 },
              "nm": "Transform"
            }
          ],
          "nm": "Group 2",
          "np": 2,
          "cix": 2,
          "bm": 0,
          "ix": 2,
          "mn": "ADBE Vector Group",
          "hd": false
        },
        {
          "ty": "gr",
          "it": [
            {
              "ind": 0,
              "ty": "sh",
              "ix": 1,
              "ks": {
                "a": 0,
                "k": {
                  "i": [
                    [3.2, -3.2],
                    [8, 0],
                    [0, 0],
                    [0, 0],
                    [0, 0],
                    [-1.6, 1.6],
                    [0, 1.6],
                    [0.8, 0.8],
                    [2.4, 0],
                    [0, 17.6],
                    [-14.4, 0],
                    [0, 0],
                    [0, 0],
                    [0, 0],
                    [1.6, -0.8],
                    [0, -1.6],
                    [-2.4, -0.8],
                    [-1.6, 0],
                    [0, 0],
                    [-3.2, -3.2],
                    [0, 0],
                    [0, -4]
                  ],
                  "o": [
                    [-3.2, 3.2],
                    [0, 0],
                    [0, 0],
                    [0, 0],
                    [2.4, 0],
                    [0.8, -0.8],
                    [0, -1.6],
                    [-0.8, -0.8],
                    [-12.8, -0.8],
                    [0, -8],
                    [0, 0],
                    [0, 0],
                    [0, 0],
                    [-2.4, 0],
                    [-1.6, 0.8],
                    [0, 2.4],
                    [1.6, 0.8],
                    [0, 0],
                    [7.2, 0],
                    [0.8, 0],
                    [2.4, 3.2],
                    [0, 4.8]
                  ],
                  "v": [
                    [182, 22],
                    [165.2, 27.6],
                    [139.6, 27.6],
                    [139.6, 15.6],
                    [165.2, 15.6],
                    [170.8, 14],
                    [172.4, 10],
                    [170.8, 6],
                    [166, 4.4],
                    [138, -13.2],
                    [157.2, -30],
                    [183.6, -30],
                    [183.6, -16.4],
                    [159.6, -16.4],
                    [154, -15.6],
                    [152.4, -11.6],
                    [155.6, -7.6],
                    [160.4, -6.8],
                    [167.6, -6.8],
                    [182.8, -2],
                    [183.6, -1.2],
                    [186.8, 10]
                  ],
                  "c": true
                },
                "ix": 2
              },
              "nm": "Path 1",
              "mn": "ADBE Vector Shape - Group",
              "hd": false
            },
            {
              "ind": 1,
              "ty": "sh",
              "ix": 2,
              "ks": {
                "a": 0,
                "k": {
                  "i": [
                    [13.6, 0],
                    [0, 0],
                    [0, 0],
                    [0, 0],
                    [-1.6, 1.6],
                    [0, 1.6],
                    [0.8, 0.8],
                    [2.4, 0],
                    [0, 17.6],
                    [-14.4, 0],
                    [0, 0],
                    [0, 0],
                    [0, 0],
                    [1.6, -0.8],
                    [0, -1.6],
                    [-1.6, -0.8],
                    [-1.6, 0],
                    [0, 0],
                    [-3.2, -3.2],
                    [0, -5.6]
                  ],
                  "o": [
                    [0, 0],
                    [0, 0],
                    [0, 0],
                    [2.4, 0],
                    [0.8, -0.8],
                    [0, -1.6],
                    [-0.8, -0.8],
                    [-12.8, -0.8],
                    [0, -8],
                    [0, 0],
                    [0, 0],
                    [0, 0],
                    [-2.4, 0],
                    [-1.6, 0.8],
                    [0, 2.4],
                    [1.6, 0.8],
                    [0, 0],
                    [7.2, 0],
                    [2.4, 2.4],
                    [0, 12]
                  ],
                  "v": [
                    [113.2, 27.6],
                    [87.6, 27.6],
                    [87.6, 15.6],
                    [113.2, 15.6],
                    [118.8, 14],
                    [120.4, 10],
                    [118.8, 6],
                    [114, 4.4],
                    [86, -13.2],
                    [105.2, -30],
                    [131.6, -30],
                    [131.6, -16.4],
                    [106.8, -16.4],
                    [101.2, -15.6],
                    [99.6, -11.6],
                    [102.8, -7.6],
                    [107.6, -6.8],
                    [114.8, -6.8],
                    [130, -2],
                    [134, 10]
                  ],
                  "c": true
                },
                "ix": 2
              },
              "nm": "Path 2",
              "mn": "ADBE Vector Shape - Group",
              "hd": false
            },
            {
              "ind": 2,
              "ty": "sh",
              "ix": 3,
              "ks": {
                "a": 0,
                "k": {
                  "i": [
                    [0, 0],
                    [0, 0],
                    [0, 0],
                    [0, 0],
                    [0, 0],
                    [0, 0],
                    [0, 0],
                    [0, 0],
                    [0, 0],
                    [0, 0],
                    [0, 0],
                    [0, 0]
                  ],
                  "o": [
                    [0, 0],
                    [0, 0],
                    [0, 0],
                    [0, 0],
                    [0, 0],
                    [0, 0],
                    [0, 0],
                    [0, 0],
                    [0, 0],
                    [0, 0],
                    [0, 0],
                    [0, 0]
                  ],
                  "v": [
                    [79.6, -17.2],
                    [48.4, -17.2],
                    [48.4, -6.8],
                    [78.8, -6.8],
                    [78.8, 4.4],
                    [48.4, 4.4],
                    [48.4, 15.6],
                    [79.6, 15.6],
                    [79.6, 27.6],
                    [34.8, 27.6],
                    [34.8, -29.2],
                    [79.6, -29.2]
                  ],
                  "c": true
                },
                "ix": 2
              },
              "nm": "Path 3",
              "mn": "ADBE Vector Shape - Group",
              "hd": false
            },
            {
              "ind": 3,
              "ty": "sh",
              "ix": 4,
              "ks": {
                "a": 0,
                "k": {
                  "i": [
                    [-0.8, -1.6],
                    [0, -4.8],
                    [0, 0],
                    [0, 0],
                    [0, 0],
                    [2.4, 2.4],
                    [4.8, 0],
                    [0, 0],
                    [0, 0],
                    [0, 0],
                    [0, 0],
                    [0, 0],
                    [-4, -2.4],
                    [0, -6.4],
                    [4, -1.6]
                  ],
                  "o": [
                    [1.6, 2.4],
                    [0, 0],
                    [0, 0],
                    [0, 0],
                    [0, -3.2],
                    [-1.6, -2.4],
                    [0, 0],
                    [0, 0],
                    [0, 0],
                    [0, 0],
                    [0, 0],
                    [6.4, 0],
                    [4, 2.4],
                    [0, 8.8],
                    [4, 1.6]
                  ],
                  "v": [
                    [24.4, 6],
                    [26.8, 16.4],
                    [26.8, 27.6],
                    [13.2, 27.6],
                    [13.2, 20.4],
                    [10.8, 9.2],
                    [1.2, 6.8],
                    [-13.2, 6.8],
                    [-13.2, 27.6],
                    [-26.8, 27.6],
                    [-26.8, -29.2],
                    [3.6, -29.2],
                    [19.6, -26.8],
                    [26.8, -14],
                    [17.2, 1.2]
                  ],
                  "c": true
                },
                "ix": 2
              },
              "nm": "Path 4",
              "mn": "ADBE Vector Shape - Group",
              "hd": false
            },
            {
              "ind": 4,
              "ty": "sh",
              "ix": 5,
              "ks": {
                "a": 0,
                "k": {
                  "i": [
                    [12, 0],
                    [0, 0],
                    [0, 0],
                    [0, 0],
                    [0, 0],
                    [0, 0],
                    [0, 0],
                    [0, 0],
                    [0, 0],
                    [0, 0],
                    [0, 0],
                    [0, 0],
                    [0, -15.2]
                  ],
                  "o": [
                    [0, 0],
                    [0, 0],
                    [0, 0],
                    [0, 0],
                    [0, 0],
                    [0, 0],
                    [0, 0],
                    [0, 0],
                    [0, 0],
                    [0, 0],
                    [0, 0],
                    [10.4, 0],
                    [-0.8, 16]
                  ],
                  "v": [
                    [-55.6, 9.2],
                    [-71.6, 9.2],
                    [-71.6, 28.4],
                    [-97.2, 28.4],
                    [-113.2, 10],
                    [-130, 28.4],
                    [-182.8, 28.4],
                    [-182.8, -28.4],
                    [-129.2, -28.4],
                    [-113.2, -10],
                    [-96.4, -28.4],
                    [-54, -28.4],
                    [-31.6, -10]
                  ],
                  "c": true
                },
                "ix": 2
              },
              "nm": "Path 5",
              "mn": "ADBE Vector Shape - Group",
              "hd": false
            },
            {
              "ind": 5,
              "ty": "sh",
              "ix": 6,
              "ks": {
                "a": 0,
                "k": {
                  "i": [
                    [2.4, 4],
                    [0, 0],
                    [0, 0],
                    [0, 0],
                    [4, -3.2],
                    [0, 0],
                    [0, 0],
                    [3.2, -3.2],
                    [0, 0],
                    [0, 0],
                    [0, 0],
                    [4, 0],
                    [0, 0],
                    [0, 0],
                    [4.8, 0],
                    [0, 0],
                    [0, 0],
                    [0, 0],
                    [0, 0],
                    [0, 0],
                    [0, 0],
                    [0, 0],
                    [0, 0],
                    [0, 0],
                    [0, 0],
                    [0, 0],
                    [-5.6, 2.4],
                    [0, 0],
                    [0, 0],
                    [0, 0],
                    [0, 0],
                    [0, -2.4],
                    [0, 0],
                    [0, 0],
                    [-4, 3.2],
                    [0, 0],
                    [0, 0],
                    [-4.8, 3.2],
                    [0, 0],
                    [0, 10.4]
                  ],
                  "o": [
                    [0, 0],
                    [0, 0],
                    [0, 0],
                    [-7.2, 0],
                    [0, 0],
                    [0, 0],
                    [-5.6, 0],
                    [0, 0],
                    [0, 0],
                    [0, 0],
                    [-4.8, -4],
                    [0, 0],
                    [0, 0],
                    [-4, -4],
                    [0, 0],
                    [0, 0],
                    [0, 0],
                    [0, 0],
                    [0, 0],
                    [0, 0],
                    [0, 0],
                    [0, 0],
                    [0, 0],
                    [0, 0],
                    [0, 0],
                    [5.6, 0],
                    [0, 0],
                    [0, 0],
                    [0, 0],
                    [0, 0],
                    [2.4, 0],
                    [0, 0],
                    [0, 0],
                    [7.2, 0],
                    [0, 0],
                    [0, 0],
                    [7.2, 0],
                    [0, 0],
                    [8, -4.8],
                    [0, -5.6]
                  ],
                  "v": [
                    [192.4, -3.6],
                    [192.4, -39.6],
                    [182.8, -39.6],
                    [158.8, -39.6],
                    [142, -34.8],
                    [142, -39.6],
                    [105.2, -39.6],
                    [89.2, -34.8],
                    [89.2, -39.6],
                    [24.4, -39.6],
                    [24.4, -34.8],
                    [6.8, -39.6],
                    [-36.4, -39.6],
                    [-36.4, -34.8],
                    [-54.8, -39.6],
                    [-102.8, -39.6],
                    [-114, -27.6],
                    [-124.4, -39.6],
                    [-196.4, -39.6],
                    [-196.4, 38.8],
                    [-126, 38.8],
                    [-114.8, 26.8],
                    [-104.4, 38.8],
                    [-61.2, 38.8],
                    [-61.2, 20.4],
                    [-55.6, 20.4],
                    [-37.2, 18],
                    [-37.2, 39.6],
                    [-1.2, 39.6],
                    [-1.2, 18.8],
                    [0.4, 18.8],
                    [2.8, 21.2],
                    [2.8, 39.6],
                    [111.6, 39.6],
                    [130, 34.8],
                    [130, 39.6],
                    [164.4, 39.6],
                    [183.6, 35.6],
                    [183.6, 35.6],
                    [196.4, 11.6]
                  ],
                  "c": true
                },
                "ix": 2
              },
              "nm": "Path 6",
              "mn": "ADBE Vector Shape - Group",
              "hd": false
            },
            {
              "ty": "mm",
              "mm": 1,
              "nm": "Merge Paths 1",
              "mn": "ADBE Vector Filter - Merge",
              "hd": false
            },
            {
              "ty": "fl",
              "c": {
                "a": 0,
                "k": [0.172969892913, 0.321457208372, 0.637969132966, 1],
                "ix": 4
              },
              "o": { "a": 0, "k": 100, "ix": 5 },
              "r": 1,
              "bm": 0,
              "nm": "Fill 1",
              "mn": "ADBE Vector Graphic - Fill",
              "hd": false
            },
            {
              "ty": "tr",
              "p": { "a": 0, "k": [307.6, 136.4], "ix": 2 },
              "a": { "a": 0, "k": [0, 0], "ix": 1 },
              "s": { "a": 0, "k": [100, 100], "ix": 3 },
              "r": { "a": 0, "k": 0, "ix": 6 },
              "o": { "a": 0, "k": 100, "ix": 7 },
              "sk": { "a": 0, "k": 0, "ix": 4 },
              "sa": { "a": 0, "k": 0, "ix": 5 },
              "nm": "Transform"
            }
          ],
          "nm": "Group 3",
          "np": 8,
          "cix": 2,
          "bm": 0,
          "ix": 3,
          "mn": "ADBE Vector Group",
          "hd": false
        },
        {
          "ty": "gr",
          "it": [
            {
              "ind": 0,
              "ty": "sh",
              "ix": 1,
              "ks": {
                "a": 0,
                "k": {
                  "i": [
                    [4.8, 0],
                    [0, 0],
                    [0, 0],
                    [0, 0],
                    [0, 4.8]
                  ],
                  "o": [
                    [0, 0],
                    [0, 0],
                    [0, 0],
                    [4.8, 0],
                    [-0.8, -4.8]
                  ],
                  "v": [
                    [4, -7.2],
                    [-12.8, -7.2],
                    [-12.8, 7.2],
                    [4.8, 7.2],
                    [12.8, 0]
                  ],
                  "c": true
                },
                "ix": 2
              },
              "nm": "Path 1",
              "mn": "ADBE Vector Shape - Group",
              "hd": false
            },
            {
              "ty": "fl",
              "c": {
                "a": 0,
                "k": [0.172969892913, 0.321457208372, 0.637969132966, 1],
                "ix": 4
              },
              "o": { "a": 0, "k": 100, "ix": 5 },
              "r": 1,
              "bm": 0,
              "nm": "Fill 1",
              "mn": "ADBE Vector Graphic - Fill",
              "hd": false
            },
            {
              "ty": "tr",
              "p": { "a": 0, "k": [248.8, 126.4], "ix": 2 },
              "a": { "a": 0, "k": [0, 0], "ix": 1 },
              "s": { "a": 0, "k": [100, 100], "ix": 3 },
              "r": { "a": 0, "k": 0, "ix": 6 },
              "o": { "a": 0, "k": 100, "ix": 7 },
              "sk": { "a": 0, "k": 0, "ix": 4 },
              "sa": { "a": 0, "k": 0, "ix": 5 },
              "nm": "Transform"
            }
          ],
          "nm": "Group 4",
          "np": 2,
          "cix": 2,
          "bm": 0,
          "ix": 4,
          "mn": "ADBE Vector Group",
          "hd": false
        },
        {
          "ty": "gr",
          "it": [
            {
              "ind": 0,
              "ty": "sh",
              "ix": 1,
              "ks": {
                "a": 0,
                "k": {
                  "i": [
                    [0, 0],
                    [0, 0],
                    [0, 0],
                    [0, 0],
                    [0, 0],
                    [0, 0],
                    [0, 0],
                    [0, 0],
                    [0, 0]
                  ],
                  "o": [
                    [0, 0],
                    [0, 0],
                    [0, 0],
                    [0, 0],
                    [0, 0],
                    [0, 0],
                    [0, 0],
                    [0, 0],
                    [0, 0]
                  ],
                  "v": [
                    [-24, -16.8],
                    [-24, -6.4],
                    [5.6, -6.4],
                    [5.6, 4.8],
                    [-24, 4.8],
                    [-24, 16.8],
                    [8.8, 16.8],
                    [24, 0],
                    [9.6, -16.8]
                  ],
                  "c": true
                },
                "ix": 2
              },
              "nm": "Path 1",
              "mn": "ADBE Vector Shape - Group",
              "hd": false
            },
            {
              "ty": "fl",
              "c": {
                "a": 0,
                "k": [0.172969892913, 0.321457208372, 0.637969132966, 1],
                "ix": 4
              },
              "o": { "a": 0, "k": 100, "ix": 5 },
              "r": 1,
              "bm": 0,
              "nm": "Fill 1",
              "mn": "ADBE Vector Graphic - Fill",
              "hd": false
            },
            {
              "ty": "tr",
              "p": { "a": 0, "k": [160.8, 136], "ix": 2 },
              "a": { "a": 0, "k": [0, 0], "ix": 1 },
              "s": { "a": 0, "k": [100, 100], "ix": 3 },
              "r": { "a": 0, "k": 0, "ix": 6 },
              "o": { "a": 0, "k": 100, "ix": 7 },
              "sk": { "a": 0, "k": 0, "ix": 4 },
              "sa": { "a": 0, "k": 0, "ix": 5 },
              "nm": "Transform"
            }
          ],
          "nm": "Group 5",
          "np": 2,
          "cix": 2,
          "bm": 0,
          "ix": 5,
          "mn": "ADBE Vector Group",
          "hd": false
        },
        {
          "ty": "gr",
          "it": [
            {
              "ind": 0,
              "ty": "sh",
              "ix": 1,
              "ks": {
                "a": 0,
                "k": {
                  "i": [
                    [0, 0],
                    [0, 0],
                    [0, 0]
                  ],
                  "o": [
                    [0, 0],
                    [0, 0],
                    [0, 0]
                  ],
                  "v": [
                    [10.4, 22.8],
                    [10.4, -22.8],
                    [-10.4, -0.4]
                  ],
                  "c": true
                },
                "ix": 2
              },
              "nm": "Path 1",
              "mn": "ADBE Vector Shape - Group",
              "hd": false
            },
            {
              "ty": "fl",
              "c": {
                "a": 0,
                "k": [0.172969892913, 0.321457208372, 0.637969132966, 1],
                "ix": 4
              },
              "o": { "a": 0, "k": 100, "ix": 5 },
              "r": 1,
              "bm": 0,
              "nm": "Fill 1",
              "mn": "ADBE Vector Graphic - Fill",
              "hd": false
            },
            {
              "ty": "tr",
              "p": { "a": 0, "k": [212, 136.4], "ix": 2 },
              "a": { "a": 0, "k": [0, 0], "ix": 1 },
              "s": { "a": 0, "k": [100, 100], "ix": 3 },
              "r": { "a": 0, "k": 0, "ix": 6 },
              "o": { "a": 0, "k": 100, "ix": 7 },
              "sk": { "a": 0, "k": 0, "ix": 4 },
              "sa": { "a": 0, "k": 0, "ix": 5 },
              "nm": "Transform"
            }
          ],
          "nm": "Group 6",
          "np": 2,
          "cix": 2,
          "bm": 0,
          "ix": 6,
          "mn": "ADBE Vector Group",
          "hd": false
        },
        {
          "ty": "gr",
          "it": [
            {
              "ind": 0,
              "ty": "sh",
              "ix": 1,
              "ks": {
                "a": 0,
                "k": {
                  "i": [
                    [0, 0],
                    [0, 0],
                    [0, 0]
                  ],
                  "o": [
                    [0, 0],
                    [0, 0],
                    [0, 0]
                  ],
                  "v": [
                    [-9.2, 11.2],
                    [9.2, 11.2],
                    [0.4, -11.2]
                  ],
                  "c": true
                },
                "ix": 2
              },
              "nm": "Path 1",
              "mn": "ADBE Vector Shape - Group",
              "hd": false
            },
            {
              "ty": "fl",
              "c": {
                "a": 0,
                "k": [0.172969892913, 0.321457208372, 0.637969132966, 1],
                "ix": 4
              },
              "o": { "a": 0, "k": 100, "ix": 5 },
              "r": 1,
              "bm": 0,
              "nm": "Fill 1",
              "mn": "ADBE Vector Graphic - Fill",
              "hd": false
            },
            {
              "ty": "tr",
              "p": { "a": 0, "k": [367.6, 32.8], "ix": 2 },
              "a": { "a": 0, "k": [0, 0], "ix": 1 },
              "s": { "a": 0, "k": [100, 100], "ix": 3 },
              "r": { "a": 0, "k": 0, "ix": 6 },
              "o": { "a": 0, "k": 100, "ix": 7 },
              "sk": { "a": 0, "k": 0, "ix": 4 },
              "sa": { "a": 0, "k": 0, "ix": 5 },
              "nm": "Transform"
            }
          ],
          "nm": "Group 7",
          "np": 2,
          "cix": 2,
          "bm": 0,
          "ix": 7,
          "mn": "ADBE Vector Group",
          "hd": false
        },
        {
          "ty": "gr",
          "it": [
            {
              "ind": 0,
              "ty": "sh",
              "ix": 1,
              "ks": {
                "a": 0,
                "k": {
                  "i": [
                    [0, 0],
                    [0, 0],
                    [0, 0],
                    [0, 0],
                    [0, 0],
                    [0, 0],
                    [0, 0],
                    [0, 0],
                    [0, 0],
                    [4.8, 4.8],
                    [0, 10.4],
                    [-5.6, 6.4],
                    [-8.8, 0],
                    [0, 0],
                    [0, 0],
                    [0, 0],
                    [3.2, -2.4],
                    [0, -5.6],
                    [-3.2, -3.2],
                    [-4, 0],
                    [0, 0],
                    [0, 0],
                    [0, 0],
                    [0, 0],
                    [0, 0],
                    [0, 0],
                    [0, 0],
                    [0, 0],
                    [0, 0],
                    [0, 0]
                  ],
                  "o": [
                    [0, 0],
                    [0, 0],
                    [0, 0],
                    [0, 0],
                    [0, 0],
                    [0, 0],
                    [0, 0],
                    [0, 0],
                    [-6.4, 0],
                    [-4.8, -4.8],
                    [0, -8],
                    [4, -4.8],
                    [0, 0],
                    [0, 0],
                    [0, 0],
                    [-4.8, 0],
                    [-2.4, 2.4],
                    [0, 6.4],
                    [2.4, 2.4],
                    [0, 0],
                    [0, 0],
                    [0, 0],
                    [0, 0],
                    [0, 0],
                    [0, 0],
                    [0, 0],
                    [0, 0],
                    [0, 0],
                    [0, 0],
                    [0, 0]
                  ],
                  "v": [
                    [224, 27.6],
                    [204.8, 27.6],
                    [179.2, -14.8],
                    [179.2, 27.6],
                    [152, 27.6],
                    [147.2, 15.6],
                    [119.2, 15.6],
                    [114.4, 28.4],
                    [99.2, 28.4],
                    [80, 22],
                    [72.8, 0.4],
                    [80, -22],
                    [100, -28.4],
                    [112.8, -28.4],
                    [112.8, -16.4],
                    [100, -16.4],
                    [89.6, -13.2],
                    [85.6, -0.4],
                    [89.6, 13.2],
                    [99.2, 16.4],
                    [104.8, 16.4],
                    [123.2, -27.6],
                    [143.2, -27.6],
                    [165.6, 26],
                    [165.6, -27.6],
                    [185.6, -27.6],
                    [208.8, 11.6],
                    [208.8, -27.6],
                    [222.4, -27.6],
                    [222.4, 27.6]
                  ],
                  "c": true
                },
                "ix": 2
              },
              "nm": "Path 1",
              "mn": "ADBE Vector Shape - Group",
              "hd": false
            },
            {
              "ind": 1,
              "ty": "sh",
              "ix": 2,
              "ks": {
                "a": 0,
                "k": {
                  "i": [
                    [0, 0],
                    [0, 0],
                    [0, 0],
                    [0, 0]
                  ],
                  "o": [
                    [0, 0],
                    [0, 0],
                    [0, 0],
                    [0, 0]
                  ],
                  "v": [
                    [66.4, 27.6],
                    [52.8, 27.6],
                    [52.8, -29.2],
                    [66.4, -29.2]
                  ],
                  "c": true
                },
                "ix": 2
              },
              "nm": "Path 2",
              "mn": "ADBE Vector Shape - Group",
              "hd": false
            },
            {
              "ind": 2,
              "ty": "sh",
              "ix": 3,
              "ks": {
                "a": 0,
                "k": {
                  "i": [
                    [-1.6, -1.6],
                    [0, -4.8],
                    [0, 0],
                    [0, 0],
                    [0, 0],
                    [2.4, 3.2],
                    [4.8, 0],
                    [0, 0],
                    [0, 0],
                    [0, 0],
                    [0, 0],
                    [0, 0],
                    [-4, -2.4],
                    [0, -6.4],
                    [4, -1.6]
                  ],
                  "o": [
                    [1.6, 3.2],
                    [0, 0],
                    [0, 0],
                    [0, 0],
                    [0, -3.2],
                    [-2.4, -2.4],
                    [0, 0],
                    [0, 0],
                    [0, 0],
                    [0, 0],
                    [0, 0],
                    [7.2, 0],
                    [4, 2.4],
                    [0, 8.8],
                    [4, 0.8]
                  ],
                  "v": [
                    [42.4, 6.8],
                    [44.8, 17.2],
                    [44.8, 28.4],
                    [31.2, 28.4],
                    [31.2, 21.2],
                    [28.8, 10],
                    [19.2, 7.6],
                    [4.8, 7.6],
                    [4.8, 28.4],
                    [-8.8, 28.4],
                    [-8.8, -28.4],
                    [21.6, -28.4],
                    [37.6, -26],
                    [44, -13.2],
                    [34.4, 2]
                  ],
                  "c": true
                },
                "ix": 2
              },
              "nm": "Path 3",
              "mn": "ADBE Vector Shape - Group",
              "hd": false
            },
            {
              "ind": 3,
              "ty": "sh",
              "ix": 4,
              "ks": {
                "a": 0,
                "k": {
                  "i": [
                    [0, 0],
                    [0, 0],
                    [0, 0],
                    [0, 0],
                    [0, 0],
                    [0, 0],
                    [0, 0],
                    [0, 0],
                    [0, 0],
                    [0, 0],
                    [0, 0],
                    [0, 0]
                  ],
                  "o": [
                    [0, 0],
                    [0, 0],
                    [0, 0],
                    [0, 0],
                    [0, 0],
                    [0, 0],
                    [0, 0],
                    [0, 0],
                    [0, 0],
                    [0, 0],
                    [0, 0],
                    [0, 0]
                  ],
                  "v": [
                    [-17.6, -16.4],
                    [-48.8, -16.4],
                    [-48.8, -6],
                    [-18.4, -6],
                    [-18.4, 5.2],
                    [-48.8, 5.2],
                    [-48.8, 16.4],
                    [-17.6, 16.4],
                    [-17.6, 28.4],
                    [-62.4, 28.4],
                    [-62.4, -28.4],
                    [-17.6, -28.4]
                  ],
                  "c": true
                },
                "ix": 2
              },
              "nm": "Path 4",
              "mn": "ADBE Vector Shape - Group",
              "hd": false
            },
            {
              "ind": 4,
              "ty": "sh",
              "ix": 5,
              "ks": {
                "a": 0,
                "k": {
                  "i": [
                    [0, 0],
                    [0, 0],
                    [0, 0],
                    [0, 0],
                    [0, 0],
                    [0, 0],
                    [0, 0],
                    [0, 0],
                    [0, 0],
                    [0, 0],
                    [0, 0],
                    [0, 0],
                    [0, 0],
                    [0, 0],
                    [0, 0],
                    [0, 0],
                    [0, 0],
                    [0, 0],
                    [0, 0],
                    [0, 0]
                  ],
                  "o": [
                    [0, 0],
                    [0, 0],
                    [0, 0],
                    [0, 0],
                    [0, 0],
                    [0, 0],
                    [0, 0],
                    [0, 0],
                    [0, 0],
                    [0, 0],
                    [0, 0],
                    [0, 0],
                    [0, 0],
                    [0, 0],
                    [0, 0],
                    [0, 0],
                    [0, 0],
                    [0, 0],
                    [0, 0],
                    [0, 0]
                  ],
                  "v": [
                    [-72, 27.6],
                    [-85.6, 27.6],
                    [-85.6, -16.4],
                    [-104.8, 27.6],
                    [-116.8, 27.6],
                    [-136, -16.4],
                    [-136, 27.6],
                    [-163.2, 27.6],
                    [-168.8, 15.6],
                    [-196, 15.6],
                    [-200.8, 28.4],
                    [-216, 28.4],
                    [-192, -28.4],
                    [-172, -28.4],
                    [-149.6, 25.2],
                    [-149.6, -28.4],
                    [-128, -28.4],
                    [-110.4, 10],
                    [-94.4, -28.4],
                    [-72, -28.4]
                  ],
                  "c": true
                },
                "ix": 2
              },
              "nm": "Path 5",
              "mn": "ADBE Vector Shape - Group",
              "hd": false
            },
            {
              "ind": 5,
              "ty": "sh",
              "ix": 6,
              "ks": {
                "a": 0,
                "k": {
                  "i": [
                    [0, 0],
                    [0, 0],
                    [0, 0],
                    [0, 0],
                    [0, 0],
                    [0, 0],
                    [0, 0],
                    [6.4, -3.2],
                    [0, 0],
                    [0, 0],
                    [0, 0],
                    [6.4, 0],
                    [0, 0],
                    [0, 0],
                    [0, 0],
                    [0, 0],
                    [0, 0],
                    [0, 0],
                    [0, 0],
                    [0, 0],
                    [0, 0],
                    [0, 0],
                    [0, 0],
                    [0, 0],
                    [0, 0],
                    [0, 0],
                    [0, 0],
                    [0, 0],
                    [0, 0],
                    [0, 0],
                    [0, 0],
                    [0, 0],
                    [0, 0],
                    [0, 0],
                    [0, 0],
                    [0, -2.4],
                    [0, 0],
                    [0, 0],
                    [0, 0],
                    [-9.6, 0],
                    [0, 0],
                    [0, 0],
                    [0, 0],
                    [0, 0],
                    [0, 0],
                    [0, 0],
                    [0, 0],
                    [0, 0],
                    [0, 0]
                  ],
                  "o": [
                    [0, 0],
                    [0, 0],
                    [0, 0],
                    [0, 0],
                    [0, 0],
                    [0, 0],
                    [-8.8, 0],
                    [0, 0],
                    [0, 0],
                    [0, 0],
                    [-4, -3.2],
                    [0, 0],
                    [0, 0],
                    [0, 0],
                    [0, 0],
                    [0, 0],
                    [0, 0],
                    [0, 0],
                    [0, 0],
                    [0, 0],
                    [0, 0],
                    [0, 0],
                    [0, 0],
                    [0, 0],
                    [0, 0],
                    [0, 0],
                    [0, 0],
                    [0, 0],
                    [0, 0],
                    [0, 0],
                    [0, 0],
                    [0, 0],
                    [0, 0],
                    [0, 0],
                    [1.6, 0],
                    [0, 0],
                    [0, 0],
                    [0, 0],
                    [4.8, 2.4],
                    [0, 0],
                    [0, 0],
                    [0, 0],
                    [0, 0],
                    [0, 0],
                    [0, 0],
                    [0, 0],
                    [0, 0],
                    [0, 0],
                    [0, 0]
                  ],
                  "v": [
                    [198.4, -39.6],
                    [198.4, -30],
                    [193.6, -39.6],
                    [156, -39.6],
                    [156, -30],
                    [151.2, -39.6],
                    [100, -39.6],
                    [77.6, -34.8],
                    [77.6, -39.6],
                    [41.6, -39.6],
                    [41.6, -34.8],
                    [26.4, -39.6],
                    [-102.4, -39.6],
                    [-111.2, -19.6],
                    [-120, -39.6],
                    [-160.8, -39.6],
                    [-160.8, -30],
                    [-165.6, -39.6],
                    [-200, -39.6],
                    [-216, -2],
                    [-234.4, 39.6],
                    [-216, 39.6],
                    [-193.6, 39.6],
                    [-188.8, 26.8],
                    [-177.6, 26.8],
                    [-172.8, 39.6],
                    [-126.4, 39.6],
                    [-126.4, 30],
                    [-122.4, 39.6],
                    [-99.2, 39.6],
                    [-95.2, 30],
                    [-95.2, 39.6],
                    [16, 39.6],
                    [16, 18.8],
                    [17.6, 18.8],
                    [19.2, 21.2],
                    [19.2, 38.8],
                    [76.8, 38.8],
                    [76.8, 34],
                    [98.4, 38.8],
                    [122.4, 38.8],
                    [127.2, 26],
                    [138.4, 26],
                    [143.2, 38.8],
                    [189.6, 38.8],
                    [189.6, 26.8],
                    [196.8, 38.8],
                    [234.4, 38.8],
                    [234.4, -39.6]
                  ],
                  "c": true
                },
                "ix": 2
              },
              "nm": "Path 6",
              "mn": "ADBE Vector Shape - Group",
              "hd": false
            },
            {
              "ty": "mm",
              "mm": 1,
              "nm": "Merge Paths 1",
              "mn": "ADBE Vector Filter - Merge",
              "hd": false
            },
            {
              "ty": "fl",
              "c": {
                "a": 0,
                "k": [0.172969892913, 0.321457208372, 0.637969132966, 1],
                "ix": 4
              },
              "o": { "a": 0, "k": 100, "ix": 5 },
              "r": 1,
              "bm": 0,
              "nm": "Fill 1",
              "mn": "ADBE Vector Graphic - Fill",
              "hd": false
            },
            {
              "ty": "tr",
              "p": { "a": 0, "k": [234.4, 40.4], "ix": 2 },
              "a": { "a": 0, "k": [0, 0], "ix": 1 },
              "s": { "a": 0, "k": [100, 100], "ix": 3 },
              "r": { "a": 0, "k": 0, "ix": 6 },
              "o": { "a": 0, "k": 100, "ix": 7 },
              "sk": { "a": 0, "k": 0, "ix": 4 },
              "sa": { "a": 0, "k": 0, "ix": 5 },
              "nm": "Transform"
            }
          ],
          "nm": "Group 8",
          "np": 10,
          "cix": 2,
          "bm": 0,
          "ix": 8,
          "mn": "ADBE Vector Group",
          "hd": false
        },
        {
          "ty": "gr",
          "it": [
            {
              "ind": 0,
              "ty": "sh",
              "ix": 1,
              "ks": {
                "a": 0,
                "k": {
                  "i": [
                    [1.6, 0.8],
                    [2.4, 0],
                    [0, 0],
                    [0, 0],
                    [0, 0],
                    [-1.6, 0.8],
                    [0, 2.4]
                  ],
                  "o": [
                    [-1.6, -0.8],
                    [0, 0],
                    [0, 0],
                    [0, 0],
                    [2.4, 0],
                    [1.6, -0.8],
                    [0.8, -3.2]
                  ],
                  "v": [
                    [9.6, -5.6],
                    [3.2, -6.4],
                    [-12.8, -6.4],
                    [-12.8, 6.4],
                    [3.2, 6.4],
                    [9.6, 5.6],
                    [12, 0]
                  ],
                  "c": true
                },
                "ix": 2
              },
              "nm": "Path 1",
              "mn": "ADBE Vector Shape - Group",
              "hd": false
            },
            {
              "ty": "fl",
              "c": {
                "a": 0,
                "k": [0.172969892913, 0.321457208372, 0.637969132966, 1],
                "ix": 4
              },
              "o": { "a": 0, "k": 100, "ix": 5 },
              "r": 1,
              "bm": 0,
              "nm": "Fill 1",
              "mn": "ADBE Vector Graphic - Fill",
              "hd": false
            },
            {
              "ty": "tr",
              "p": { "a": 0, "k": [252, 30.4], "ix": 2 },
              "a": { "a": 0, "k": [0, 0], "ix": 1 },
              "s": { "a": 0, "k": [100, 100], "ix": 3 },
              "r": { "a": 0, "k": 0, "ix": 6 },
              "o": { "a": 0, "k": 100, "ix": 7 },
              "sk": { "a": 0, "k": 0, "ix": 4 },
              "sa": { "a": 0, "k": 0, "ix": 5 },
              "nm": "Transform"
            }
          ],
          "nm": "Group 9",
          "np": 2,
          "cix": 2,
          "bm": 0,
          "ix": 9,
          "mn": "ADBE Vector Group",
          "hd": false
        },
        {
          "ty": "gr",
          "it": [
            {
              "ind": 0,
              "ty": "sh",
              "ix": 1,
              "ks": {
                "a": 0,
                "k": {
                  "i": [
                    [0, 0],
                    [0, 0],
                    [0, 0]
                  ],
                  "o": [
                    [0, 0],
                    [0, 0],
                    [0, 0]
                  ],
                  "v": [
                    [-8.8, 11.2],
                    [8.8, 11.2],
                    [0, -11.2]
                  ],
                  "c": true
                },
                "ix": 2
              },
              "nm": "Path 1",
              "mn": "ADBE Vector Shape - Group",
              "hd": false
            },
            {
              "ty": "fl",
              "c": {
                "a": 0,
                "k": [0.172969892913, 0.321457208372, 0.637969132966, 1],
                "ix": 4
              },
              "o": { "a": 0, "k": 100, "ix": 5 },
              "r": 1,
              "bm": 0,
              "nm": "Fill 1",
              "mn": "ADBE Vector Graphic - Fill",
              "hd": false
            },
            {
              "ty": "tr",
              "p": { "a": 0, "k": [52, 32.8], "ix": 2 },
              "a": { "a": 0, "k": [0, 0], "ix": 1 },
              "s": { "a": 0, "k": [100, 100], "ix": 3 },
              "r": { "a": 0, "k": 0, "ix": 6 },
              "o": { "a": 0, "k": 100, "ix": 7 },
              "sk": { "a": 0, "k": 0, "ix": 4 },
              "sa": { "a": 0, "k": 0, "ix": 5 },
              "nm": "Transform"
            }
          ],
          "nm": "Group 10",
          "np": 2,
          "cix": 2,
          "bm": 0,
          "ix": 10,
          "mn": "ADBE Vector Group",
          "hd": false
        }
      ],
      "ip": 0,
      "op": 70,
      "st": 0,
      "bm": 0
    }
  ],
  "markers": []
}

