{
  "v": "5.7.1",
  "fr": 30,
  "ip": 0,
  "op": 70,
  "w": 500,
  "h": 300,
  "nm": "Discover",
  "ddd": 0,
  "assets": [],
  "layers": [
    {
      "ddd": 0,
      "ind": 1,
      "ty": 4,
      "nm": "wave Outlines",
      "td": 1,
      "sr": 1,
      "ks": {
        "o": { "a": 0, "k": 100, "ix": 11 },
        "r": { "a": 0, "k": 0, "ix": 10 },
        "p": {
          "a": 1,
          "k": [
            {
              "i": { "x": 0.667, "y": 1 },
              "o": { "x": 0.333, "y": 0 },
              "t": 0,
              "s": [-458, 243, 0],
              "to": [122.667, -25.5, 0],
              "ti": [-122.667, 25.5, 0]
            },
            { "t": 60, "s": [278, 90, 0] }
          ],
          "ix": 2
        },
        "a": { "a": 0, "k": [1041, 228.5, 0], "ix": 1 },
        "s": { "a": 0, "k": [100, 100, 100], "ix": 6 }
      },
      "ao": 0,
      "shapes": [
        {
          "ty": "gr",
          "it": [
            {
              "ind": 0,
              "ty": "sh",
              "ix": 1,
              "ks": {
                "a": 0,
                "k": {
                  "i": [
                    [-18.959, 18.959],
                    [0, 0],
                    [-39.48, -39.48],
                    [0, 0],
                    [-39.48, 39.48],
                    [0, 0],
                    [-39.48, -39.48],
                    [0, 0],
                    [-39.48, 39.48],
                    [0, 0],
                    [-39.48, -39.48],
                    [0, 0],
                    [-39.48, 39.48],
                    [0, 0],
                    [-39.48, -39.48],
                    [0, 0],
                    [-39.559, 39.013],
                    [0, 0],
                    [-39.287, -39.287],
                    [0, 0],
                    [-39.48, 39.48],
                    [0, 0],
                    [-39.48, -39.48],
                    [0, 0],
                    [-39.48, 39.48],
                    [-39.305, -40.445],
                    [0, 0],
                    [0, -26.312],
                    [0, 0],
                    [55.833, 0],
                    [0, 0],
                    [0, 55.833],
                    [0, 0]
                  ],
                  "o": [
                    [0, 0],
                    [39.48, -39.48],
                    [0, 0],
                    [39.48, 39.48],
                    [0, 0],
                    [39.481, -39.48],
                    [0, 0],
                    [39.481, 39.48],
                    [0, 0],
                    [39.481, -39.48],
                    [0, 0],
                    [39.481, 39.48],
                    [0, 0],
                    [39.481, -39.48],
                    [0, 0],
                    [39.288, 39.286],
                    [0, 0],
                    [39.559, -39.012],
                    [0, 0],
                    [39.481, 39.48],
                    [0, 0],
                    [39.481, -39.48],
                    [0, 0],
                    [39.481, 39.48],
                    [39.88, -39.88],
                    [0, 0],
                    [18.338, 18.869],
                    [0, 0],
                    [0, 55.833],
                    [0, 0],
                    [-55.834, 0],
                    [0, 0],
                    [0, -26.813]
                  ],
                  "v": [
                    [-975.14, -57.363],
                    [-932.236, -100.267],
                    [-789.265, -100.267],
                    [-788.236, -99.238],
                    [-645.265, -99.238],
                    [-644.236, -100.267],
                    [-501.265, -100.267],
                    [-500.236, -99.238],
                    [-357.265, -99.238],
                    [-356.236, -100.267],
                    [-213.265, -100.267],
                    [-213.236, -100.238],
                    [-70.265, -100.238],
                    [-69.236, -101.267],
                    [73.735, -101.267],
                    [75.258, -99.743],
                    [217.732, -99.249],
                    [219.767, -101.257],
                    [362.241, -100.762],
                    [363.764, -99.238],
                    [506.735, -99.238],
                    [507.764, -100.267],
                    [650.735, -100.267],
                    [651.764, -99.238],
                    [794.735, -99.238],
                    [938.72, -98.21],
                    [976.653, -59.178],
                    [1005.25, 11.279],
                    [1005.25, 681.152],
                    [904.154, 782.247],
                    [-903.654, 782.247],
                    [-1004.75, 681.152],
                    [-1004.75, 14.123]
                  ],
                  "c": true
                },
                "ix": 2
              },
              "nm": "Path 1",
              "mn": "ADBE Vector Shape - Group",
              "hd": false
            },
            {
              "ty": "fl",
              "c": { "a": 0, "k": [0, 0, 0, 1], "ix": 4 },
              "o": { "a": 0, "k": 100, "ix": 5 },
              "r": 1,
              "bm": 0,
              "nm": "Fill 1",
              "mn": "ADBE Vector Graphic - Fill",
              "hd": false
            },
            {
              "ty": "tr",
              "p": { "a": 0, "k": [1077.25, 316.253], "ix": 2 },
              "a": { "a": 0, "k": [0, 0], "ix": 1 },
              "s": { "a": 0, "k": [100, 100], "ix": 3 },
              "r": { "a": 0, "k": 0, "ix": 6 },
              "o": { "a": 0, "k": 100, "ix": 7 },
              "sk": { "a": 0, "k": 0, "ix": 4 },
              "sa": { "a": 0, "k": 0, "ix": 5 },
              "nm": "Transform"
            }
          ],
          "nm": "Group 1",
          "np": 4,
          "cix": 2,
          "bm": 0,
          "ix": 1,
          "mn": "ADBE Vector Group",
          "hd": false
        }
      ],
      "ip": 0,
      "op": 70,
      "st": 0,
      "bm": 0
    },
    {
      "ddd": 0,
      "ind": 2,
      "ty": 4,
      "nm": "discover Outlines 2",
      "tt": 1,
      "sr": 1,
      "ks": {
        "o": { "a": 0, "k": 100, "ix": 11 },
        "r": { "a": 0, "k": 0, "ix": 10 },
        "p": { "a": 0, "k": [250, 151, 0], "ix": 2 },
        "a": { "a": 0, "k": [248, 42.5, 0], "ix": 1 },
        "s": { "a": 0, "k": [88.18, 88.18, 100], "ix": 6 }
      },
      "ao": 0,
      "shapes": [
        {
          "ty": "gr",
          "it": [
            {
              "ind": 0,
              "ty": "sh",
              "ix": 1,
              "ks": {
                "a": 0,
                "k": {
                  "i": [
                    [9.6, 0],
                    [0, 0],
                    [0, 0],
                    [0, 0],
                    [0, -8]
                  ],
                  "o": [
                    [0, 0],
                    [0, 0],
                    [0, 0],
                    [9.6, 0],
                    [0, 8]
                  ],
                  "v": [
                    [-8.8, -3.2],
                    [-13.6, -3.2],
                    [-13.6, -27.2],
                    [-8.8, -27.2],
                    [6.4, -15.2]
                  ],
                  "c": true
                },
                "ix": 2
              },
              "nm": "Path 1",
              "mn": "ADBE Vector Shape - Group",
              "hd": false
            },
            {
              "ind": 1,
              "ty": "sh",
              "ix": 2,
              "ks": {
                "a": 0,
                "k": {
                  "i": [
                    [0, 0],
                    [0, 12],
                    [17.6, 0],
                    [0, 0],
                    [0, 0],
                    [0, 0],
                    [0, 0],
                    [0, 0],
                    [0, 0],
                    [0, 0]
                  ],
                  "o": [
                    [12, -2.4],
                    [0, -14.4],
                    [0, 0],
                    [0, 0],
                    [0, 0],
                    [0, 0],
                    [0, 0],
                    [0, 0],
                    [0, 0],
                    [0, 0]
                  ],
                  "v": [
                    [4, 6.4],
                    [22.4, -16],
                    [-5.6, -39.2],
                    [-28.8, -39.2],
                    [-28.8, 39.2],
                    [-13.6, 39.2],
                    [-13.6, 8],
                    [-11.2, 8],
                    [10.4, 39.2],
                    [28.8, 39.2]
                  ],
                  "c": true
                },
                "ix": 2
              },
              "nm": "Path 2",
              "mn": "ADBE Vector Shape - Group",
              "hd": false
            },
            {
              "ty": "mm",
              "mm": 1,
              "nm": "Merge Paths 1",
              "mn": "ADBE Vector Filter - Merge",
              "hd": false
            },
            {
              "ty": "fl",
              "c": {
                "a": 0,
                "k": [0.026147784439, 0.021736599417, 0.023167133331, 1],
                "ix": 4
              },
              "o": { "a": 0, "k": 100, "ix": 5 },
              "r": 1,
              "bm": 0,
              "nm": "Fill 2",
              "mn": "ADBE Vector Graphic - Fill",
              "hd": false
            },
            {
              "ty": "fl",
              "c": {
                "a": 0,
                "k": [0.026147784439, 0.021736599417, 0.023167133331, 1],
                "ix": 4
              },
              "o": { "a": 0, "k": 100, "ix": 5 },
              "r": 1,
              "bm": 0,
              "nm": "Fill 1",
              "mn": "ADBE Vector Graphic - Fill",
              "hd": false
            },
            {
              "ty": "tr",
              "p": { "a": 0, "k": [467.2, 42.6], "ix": 2 },
              "a": { "a": 0, "k": [0, 0], "ix": 1 },
              "s": { "a": 0, "k": [100, 100], "ix": 3 },
              "r": { "a": 0, "k": 0, "ix": 6 },
              "o": { "a": 0, "k": 100, "ix": 7 },
              "sk": { "a": 0, "k": 0, "ix": 4 },
              "sa": { "a": 0, "k": 0, "ix": 5 },
              "nm": "Transform"
            }
          ],
          "nm": "Group 1",
          "np": 5,
          "cix": 2,
          "bm": 0,
          "ix": 1,
          "mn": "ADBE Vector Group",
          "hd": false
        },
        {
          "ty": "gr",
          "it": [
            {
              "ind": 0,
              "ty": "sh",
              "ix": 1,
              "ks": {
                "a": 0,
                "k": {
                  "i": [
                    [0, 0],
                    [0, 0],
                    [0, 0],
                    [0, 0],
                    [0, 0],
                    [0, 0],
                    [0, 0],
                    [0, 0],
                    [0, 0],
                    [0, 0],
                    [0, 0],
                    [0, 0]
                  ],
                  "o": [
                    [0, 0],
                    [0, 0],
                    [0, 0],
                    [0, 0],
                    [0, 0],
                    [0, 0],
                    [0, 0],
                    [0, 0],
                    [0, 0],
                    [0, 0],
                    [0, 0],
                    [0, 0]
                  ],
                  "v": [
                    [-22, 39.2],
                    [22, 39.2],
                    [22, 26.4],
                    [-6, 26.4],
                    [-6, 4.8],
                    [21.2, 4.8],
                    [21.2, -8.8],
                    [-6, -8.8],
                    [-6, -25.6],
                    [22, -25.6],
                    [22, -39.2],
                    [-22, -39.2]
                  ],
                  "c": true
                },
                "ix": 2
              },
              "nm": "Path 1",
              "mn": "ADBE Vector Shape - Group",
              "hd": false
            },
            {
              "ty": "fl",
              "c": {
                "a": 0,
                "k": [0.026147784439, 0.021736599417, 0.023167133331, 1],
                "ix": 4
              },
              "o": { "a": 0, "k": 100, "ix": 5 },
              "r": 1,
              "bm": 0,
              "nm": "Fill 1",
              "mn": "ADBE Vector Graphic - Fill",
              "hd": false
            },
            {
              "ty": "tr",
              "p": { "a": 0, "k": [406, 42.6], "ix": 2 },
              "a": { "a": 0, "k": [0, 0], "ix": 1 },
              "s": { "a": 0, "k": [100, 100], "ix": 3 },
              "r": { "a": 0, "k": 0, "ix": 6 },
              "o": { "a": 0, "k": 100, "ix": 7 },
              "sk": { "a": 0, "k": 0, "ix": 4 },
              "sa": { "a": 0, "k": 0, "ix": 5 },
              "nm": "Transform"
            }
          ],
          "nm": "Group 2",
          "np": 2,
          "cix": 2,
          "bm": 0,
          "ix": 2,
          "mn": "ADBE Vector Group",
          "hd": false
        },
        {
          "ty": "gr",
          "it": [
            {
              "ind": 0,
              "ty": "sh",
              "ix": 1,
              "ks": {
                "a": 0,
                "k": {
                  "i": [
                    [0, 0],
                    [0, 0],
                    [0, 0],
                    [0, 0],
                    [0, 0],
                    [0, 0],
                    [0, 0]
                  ],
                  "o": [
                    [0, 0],
                    [0, 0],
                    [0, 0],
                    [0, 0],
                    [0, 0],
                    [0, 0],
                    [0, 0]
                  ],
                  "v": [
                    [-0.4, 12.4],
                    [-21.2, -40.4],
                    [-38, -40.4],
                    [-5.2, 40.4],
                    [3.6, 40.4],
                    [38, -40.4],
                    [21.2, -40.4]
                  ],
                  "c": true
                },
                "ix": 2
              },
              "nm": "Path 1",
              "mn": "ADBE Vector Shape - Group",
              "hd": false
            },
            {
              "ty": "fl",
              "c": {
                "a": 0,
                "k": [0.026147784439, 0.021736599417, 0.023167133331, 1],
                "ix": 4
              },
              "o": { "a": 0, "k": 100, "ix": 5 },
              "r": 1,
              "bm": 0,
              "nm": "Fill 1",
              "mn": "ADBE Vector Graphic - Fill",
              "hd": false
            },
            {
              "ty": "tr",
              "p": { "a": 0, "k": [339.6, 43.8], "ix": 2 },
              "a": { "a": 0, "k": [0, 0], "ix": 1 },
              "s": { "a": 0, "k": [100, 100], "ix": 3 },
              "r": { "a": 0, "k": 0, "ix": 6 },
              "o": { "a": 0, "k": 100, "ix": 7 },
              "sk": { "a": 0, "k": 0, "ix": 4 },
              "sa": { "a": 0, "k": 0, "ix": 5 },
              "nm": "Transform"
            }
          ],
          "nm": "Group 3",
          "np": 2,
          "cix": 2,
          "bm": 0,
          "ix": 3,
          "mn": "ADBE Vector Group",
          "hd": false
        },
        {
          "ty": "gr",
          "it": [
            {
              "ind": 0,
              "ty": "sh",
              "ix": 1,
              "ks": {
                "a": 0,
                "k": {
                  "i": [
                    [0, -22.4],
                    [-23.2, 0],
                    [-7.2, 3.2],
                    [0, 0],
                    [6.4, 0],
                    [0, 16],
                    [-14.4, 0],
                    [-6.4, -6.4],
                    [0, 0],
                    [7.2, 0]
                  ],
                  "o": [
                    [0, 23.2],
                    [6.4, 0],
                    [0, 0],
                    [-6.4, 6.4],
                    [-15.2, 0],
                    [0, -15.2],
                    [7.2, 0],
                    [0, 0],
                    [-6.4, -3.2],
                    [-22.4, 1.6]
                  ],
                  "v": [
                    [-30.4, 0.8],
                    [11.2, 41.6],
                    [30.4, 36.8],
                    [30.4, 18.4],
                    [12, 27.2],
                    [-14.4, -0.001],
                    [11.2, -27.2],
                    [30.4, -18.4],
                    [30.4, -36.8],
                    [11.2, -41.6]
                  ],
                  "c": true
                },
                "ix": 2
              },
              "nm": "Path 1",
              "mn": "ADBE Vector Shape - Group",
              "hd": false
            },
            {
              "ty": "fl",
              "c": {
                "a": 0,
                "k": [0.026147784439, 0.021736599417, 0.023167133331, 1],
                "ix": 4
              },
              "o": { "a": 0, "k": 100, "ix": 5 },
              "r": 1,
              "bm": 0,
              "nm": "Fill 1",
              "mn": "ADBE Vector Graphic - Fill",
              "hd": false
            },
            {
              "ty": "tr",
              "p": { "a": 0, "k": [183.2, 41.8], "ix": 2 },
              "a": { "a": 0, "k": [0, 0], "ix": 1 },
              "s": { "a": 0, "k": [100, 100], "ix": 3 },
              "r": { "a": 0, "k": 0, "ix": 6 },
              "o": { "a": 0, "k": 100, "ix": 7 },
              "sk": { "a": 0, "k": 0, "ix": 4 },
              "sa": { "a": 0, "k": 0, "ix": 5 },
              "nm": "Transform"
            }
          ],
          "nm": "Group 4",
          "np": 2,
          "cix": 2,
          "bm": 0,
          "ix": 4,
          "mn": "ADBE Vector Group",
          "hd": false
        },
        {
          "ty": "gr",
          "it": [
            {
              "ind": 0,
              "ty": "sh",
              "ix": 1,
              "ks": {
                "a": 0,
                "k": {
                  "i": [
                    [17.6, 6.4],
                    [0, 4],
                    [-6.4, 0],
                    [-4, -4.8],
                    [0, 0],
                    [8.8, 0],
                    [0, -12.8],
                    [-14.4, -5.6],
                    [-1.6, -1.6],
                    [0, -3.2],
                    [7.2, 0],
                    [3.2, 6.4],
                    [0, 0],
                    [-11.2, 0],
                    [0, 15.2]
                  ],
                  "o": [
                    [-9.6, -3.2],
                    [0, -4.8],
                    [4.8, 0],
                    [0, 0],
                    [-6.4, -5.6],
                    [-13.6, 0],
                    [0, 11.2],
                    [6.4, 2.4],
                    [3.2, 1.6],
                    [0, 6.4],
                    [-7.2, 0],
                    [0, 0],
                    [7.2, 10.4],
                    [16, 0],
                    [0, -13.6]
                  ],
                  "v": [
                    [4.8, -10],
                    [-7.2, -19.6],
                    [4, -28.4],
                    [16.8, -22],
                    [24.8, -32.4],
                    [1.6, -41.2],
                    [-23.2, -18.8],
                    [-4, 2.8],
                    [6.4, 7.6],
                    [11.2, 15.6],
                    [-0.8, 26.8],
                    [-17.6, 16.4],
                    [-27.2, 26],
                    [0, 41.2],
                    [27.2, 15.6]
                  ],
                  "c": true
                },
                "ix": 2
              },
              "nm": "Path 1",
              "mn": "ADBE Vector Shape - Group",
              "hd": false
            },
            {
              "ty": "fl",
              "c": {
                "a": 0,
                "k": [0.026147784439, 0.021736599417, 0.023167133331, 1],
                "ix": 4
              },
              "o": { "a": 0, "k": 100, "ix": 5 },
              "r": 1,
              "bm": 0,
              "nm": "Fill 1",
              "mn": "ADBE Vector Graphic - Fill",
              "hd": false
            },
            {
              "ty": "tr",
              "p": { "a": 0, "k": [120.8, 43.8], "ix": 2 },
              "a": { "a": 0, "k": [0, 0], "ix": 1 },
              "s": { "a": 0, "k": [100, 100], "ix": 3 },
              "r": { "a": 0, "k": 0, "ix": 6 },
              "o": { "a": 0, "k": 100, "ix": 7 },
              "sk": { "a": 0, "k": 0, "ix": 4 },
              "sa": { "a": 0, "k": 0, "ix": 5 },
              "nm": "Transform"
            }
          ],
          "nm": "Group 5",
          "np": 2,
          "cix": 2,
          "bm": 0,
          "ix": 5,
          "mn": "ADBE Vector Group",
          "hd": false
        },
        {
          "ty": "gr",
          "it": [
            {
              "ind": 0,
              "ty": "sh",
              "ix": 1,
              "ks": {
                "a": 0,
                "k": {
                  "i": [
                    [0, 0],
                    [0, 0],
                    [0, 0],
                    [0, 0]
                  ],
                  "o": [
                    [0, 0],
                    [0, 0],
                    [0, 0],
                    [0, 0]
                  ],
                  "v": [
                    [-7.6, -39.2],
                    [7.6, -39.2],
                    [7.6, 39.2],
                    [-7.6, 39.2]
                  ],
                  "c": true
                },
                "ix": 2
              },
              "nm": "Path 1",
              "mn": "ADBE Vector Shape - Group",
              "hd": false
            },
            {
              "ty": "fl",
              "c": {
                "a": 0,
                "k": [0.026147784439, 0.021736599417, 0.023167133331, 1],
                "ix": 4
              },
              "o": { "a": 0, "k": 100, "ix": 5 },
              "r": 1,
              "bm": 0,
              "nm": "Fill 1",
              "mn": "ADBE Vector Graphic - Fill",
              "hd": false
            },
            {
              "ty": "tr",
              "p": { "a": 0, "k": [79.6, 42.6], "ix": 2 },
              "a": { "a": 0, "k": [0, 0], "ix": 1 },
              "s": { "a": 0, "k": [100, 100], "ix": 3 },
              "r": { "a": 0, "k": 0, "ix": 6 },
              "o": { "a": 0, "k": 100, "ix": 7 },
              "sk": { "a": 0, "k": 0, "ix": 4 },
              "sa": { "a": 0, "k": 0, "ix": 5 },
              "nm": "Transform"
            }
          ],
          "nm": "Group 6",
          "np": 2,
          "cix": 2,
          "bm": 0,
          "ix": 6,
          "mn": "ADBE Vector Group",
          "hd": false
        },
        {
          "ty": "gr",
          "it": [
            {
              "ind": 0,
              "ty": "sh",
              "ix": 1,
              "ks": {
                "a": 0,
                "k": {
                  "i": [
                    [5.6, -4.8],
                    [9.6, 0],
                    [0, 0],
                    [0, 0],
                    [0, 0],
                    [-4.8, -4.8],
                    [0, -7.2]
                  ],
                  "o": [
                    [-4.8, 4],
                    [0, 0],
                    [0, 0],
                    [0, 0],
                    [9.6, 0],
                    [5.6, 4.8],
                    [0.8, 7.2]
                  ],
                  "v": [
                    [8.4, 20],
                    [-12.4, 26.4],
                    [-17.2, 26.4],
                    [-17.2, -25.6],
                    [-13.2, -25.6],
                    [7.6, -19.2],
                    [16.4, 0]
                  ],
                  "c": true
                },
                "ix": 2
              },
              "nm": "Path 1",
              "mn": "ADBE Vector Shape - Group",
              "hd": false
            },
            {
              "ind": 1,
              "ty": "sh",
              "ix": 2,
              "ks": {
                "a": 0,
                "k": {
                  "i": [
                    [25.6, 0],
                    [0, 0],
                    [0, 0],
                    [0, 0],
                    [-7.2, 5.6],
                    [0, 12]
                  ],
                  "o": [
                    [0, 0],
                    [0, 0],
                    [0, 0],
                    [12, 0],
                    [8.8, -7.2],
                    [0, -23.2]
                  ],
                  "v": [
                    [-10, -39.2],
                    [-32.4, -39.2],
                    [-32.4, 39.2],
                    [-10, 39.2],
                    [18, 30.4],
                    [32.4, 0]
                  ],
                  "c": true
                },
                "ix": 2
              },
              "nm": "Path 2",
              "mn": "ADBE Vector Shape - Group",
              "hd": false
            },
            {
              "ty": "mm",
              "mm": 1,
              "nm": "Merge Paths 1",
              "mn": "ADBE Vector Filter - Merge",
              "hd": false
            },
            {
              "ty": "fl",
              "c": {
                "a": 0,
                "k": [0.026147784439, 0.021736599417, 0.023167133331, 1],
                "ix": 4
              },
              "o": { "a": 0, "k": 100, "ix": 5 },
              "r": 1,
              "bm": 0,
              "nm": "Fill 1",
              "mn": "ADBE Vector Graphic - Fill",
              "hd": false
            },
            {
              "ty": "tr",
              "p": { "a": 0, "k": [32.4, 42.6], "ix": 2 },
              "a": { "a": 0, "k": [0, 0], "ix": 1 },
              "s": { "a": 0, "k": [100, 100], "ix": 3 },
              "r": { "a": 0, "k": 0, "ix": 6 },
              "o": { "a": 0, "k": 100, "ix": 7 },
              "sk": { "a": 0, "k": 0, "ix": 4 },
              "sa": { "a": 0, "k": 0, "ix": 5 },
              "nm": "Transform"
            }
          ],
          "nm": "Group 7",
          "np": 4,
          "cix": 2,
          "bm": 0,
          "ix": 7,
          "mn": "ADBE Vector Group",
          "hd": false
        },
        {
          "ty": "gr",
          "it": [
            {
              "ind": 0,
              "ty": "sh",
              "ix": 1,
              "ks": {
                "a": 0,
                "k": {
                  "i": [
                    [0.001, 0.066],
                    [8.052, 8.051],
                    [10.667, -0.052],
                    [0.066, 0],
                    [0, -23.2],
                    [-22.975, 0],
                    [0, 23.2]
                  ],
                  "o": [
                    [0.052, -10.667],
                    [-8.052, -8.052],
                    [-0.066, 0],
                    [-23.2, 0],
                    [0, 22.975],
                    [23.2, 0],
                    [0, -0.066]
                  ],
                  "v": [
                    [41.572, -0.173],
                    [29.576, -29.577],
                    [0.173, -41.572],
                    [-0.023, -41.577],
                    [-41.623, 0.023],
                    [-0.023, 41.624],
                    [41.576, 0.023]
                  ],
                  "c": true
                },
                "ix": 2
              },
              "nm": "Path 1",
              "mn": "ADBE Vector Shape - Group",
              "hd": false
            },
            {
              "ty": "fl",
              "c": { "a": 0, "k": [1, 0.131972728056, 0, 1], "ix": 4 },
              "o": { "a": 0, "k": 100, "ix": 5 },
              "r": 1,
              "bm": 0,
              "nm": "Fill 1",
              "mn": "ADBE Vector Graphic - Fill",
              "hd": false
            },
            {
              "ty": "tr",
              "p": { "a": 0, "k": [263.223, 42.577], "ix": 2 },
              "a": { "a": 0, "k": [0, 0], "ix": 1 },
              "s": { "a": 0, "k": [100, 100], "ix": 3 },
              "r": { "a": 0, "k": 0, "ix": 6 },
              "o": { "a": 0, "k": 100, "ix": 7 },
              "sk": { "a": 0, "k": 0, "ix": 4 },
              "sa": { "a": 0, "k": 0, "ix": 5 },
              "nm": "Transform"
            }
          ],
          "nm": "Group 8",
          "np": 2,
          "cix": 2,
          "bm": 0,
          "ix": 8,
          "mn": "ADBE Vector Group",
          "hd": false
        }
      ],
      "ip": 0,
      "op": 70,
      "st": 0,
      "bm": 0
    }
  ],
  "markers": []
}

