{
  "v": "5.7.1",
  "fr": 30,
  "ip": 0,
  "op": 70,
  "w": 500,
  "h": 300,
  "nm": "Master Card",
  "ddd": 0,
  "assets": [],
  "layers": [
    {
      "ddd": 0,
      "ind": 1,
      "ty": 4,
      "nm": "wave Outlines",
      "td": 1,
      "sr": 1,
      "ks": {
        "o": { "a": 0, "k": 100, "ix": 11 },
        "r": { "a": 0, "k": 0, "ix": 10 },
        "p": {
          "a": 1,
          "k": [
            {
              "i": { "x": 0.667, "y": 1 },
              "o": { "x": 0.333, "y": 0 },
              "t": 0,
              "s": [-376, 296, 0],
              "to": [105.333, -43, 0],
              "ti": [-105.333, 43, 0]
            },
            { "t": 60, "s": [256, 38, 0] }
          ],
          "ix": 2
        },
        "a": { "a": 0, "k": [1041, 228.5, 0], "ix": 1 },
        "s": { "a": 0, "k": [100, 100, 100], "ix": 6 }
      },
      "ao": 0,
      "shapes": [
        {
          "ty": "gr",
          "it": [
            {
              "ind": 0,
              "ty": "sh",
              "ix": 1,
              "ks": {
                "a": 0,
                "k": {
                  "i": [
                    [-18.959, 18.959],
                    [0, 0],
                    [-39.48, -39.48],
                    [0, 0],
                    [-39.48, 39.48],
                    [0, 0],
                    [-39.48, -39.48],
                    [0, 0],
                    [-39.48, 39.48],
                    [0, 0],
                    [-39.48, -39.48],
                    [0, 0],
                    [-39.48, 39.48],
                    [0, 0],
                    [-39.48, -39.48],
                    [0, 0],
                    [-39.559, 39.013],
                    [0, 0],
                    [-39.287, -39.287],
                    [0, 0],
                    [-39.48, 39.48],
                    [0, 0],
                    [-39.48, -39.48],
                    [0, 0],
                    [-39.48, 39.48],
                    [-39.305, -40.445],
                    [0, 0],
                    [0, -26.312],
                    [0, 0],
                    [55.833, 0],
                    [0, 0],
                    [0, 55.833],
                    [0, 0]
                  ],
                  "o": [
                    [0, 0],
                    [39.48, -39.48],
                    [0, 0],
                    [39.48, 39.48],
                    [0, 0],
                    [39.481, -39.48],
                    [0, 0],
                    [39.481, 39.48],
                    [0, 0],
                    [39.481, -39.48],
                    [0, 0],
                    [39.481, 39.48],
                    [0, 0],
                    [39.481, -39.48],
                    [0, 0],
                    [39.288, 39.286],
                    [0, 0],
                    [39.559, -39.012],
                    [0, 0],
                    [39.481, 39.48],
                    [0, 0],
                    [39.481, -39.48],
                    [0, 0],
                    [39.481, 39.48],
                    [39.88, -39.88],
                    [0, 0],
                    [18.338, 18.869],
                    [0, 0],
                    [0, 55.833],
                    [0, 0],
                    [-55.834, 0],
                    [0, 0],
                    [0, -26.813]
                  ],
                  "v": [
                    [-975.14, -57.363],
                    [-932.236, -100.267],
                    [-789.265, -100.267],
                    [-788.236, -99.238],
                    [-645.265, -99.238],
                    [-644.236, -100.267],
                    [-501.265, -100.267],
                    [-500.236, -99.238],
                    [-357.265, -99.238],
                    [-356.236, -100.267],
                    [-213.265, -100.267],
                    [-213.236, -100.238],
                    [-70.265, -100.238],
                    [-69.236, -101.267],
                    [73.735, -101.267],
                    [75.258, -99.743],
                    [217.732, -99.249],
                    [219.767, -101.257],
                    [362.241, -100.762],
                    [363.764, -99.238],
                    [506.735, -99.238],
                    [507.764, -100.267],
                    [650.735, -100.267],
                    [651.764, -99.238],
                    [794.735, -99.238],
                    [938.72, -98.21],
                    [976.653, -59.178],
                    [1005.25, 11.279],
                    [1005.25, 681.152],
                    [904.154, 782.247],
                    [-903.654, 782.247],
                    [-1004.75, 681.152],
                    [-1004.75, 14.123]
                  ],
                  "c": true
                },
                "ix": 2
              },
              "nm": "Path 1",
              "mn": "ADBE Vector Shape - Group",
              "hd": false
            },
            {
              "ty": "fl",
              "c": { "a": 0, "k": [0, 0, 0, 1], "ix": 4 },
              "o": { "a": 0, "k": 100, "ix": 5 },
              "r": 1,
              "bm": 0,
              "nm": "Fill 1",
              "mn": "ADBE Vector Graphic - Fill",
              "hd": false
            },
            {
              "ty": "tr",
              "p": { "a": 0, "k": [1077.25, 316.253], "ix": 2 },
              "a": { "a": 0, "k": [0, 0], "ix": 1 },
              "s": { "a": 0, "k": [100, 100], "ix": 3 },
              "r": { "a": 0, "k": 0, "ix": 6 },
              "o": { "a": 0, "k": 100, "ix": 7 },
              "sk": { "a": 0, "k": 0, "ix": 4 },
              "sa": { "a": 0, "k": 0, "ix": 5 },
              "nm": "Transform"
            }
          ],
          "nm": "Group 1",
          "np": 4,
          "cix": 2,
          "bm": 0,
          "ix": 1,
          "mn": "ADBE Vector Group",
          "hd": false
        }
      ],
      "ip": 0,
      "op": 70,
      "st": 0,
      "bm": 0
    },
    {
      "ddd": 0,
      "ind": 2,
      "ty": 4,
      "nm": "mastercard Outlines 2",
      "tt": 1,
      "sr": 1,
      "ks": {
        "o": { "a": 0, "k": 100, "ix": 11 },
        "r": { "a": 0, "k": 0, "ix": 10 },
        "p": { "a": 0, "k": [250, 150, 0], "ix": 2 },
        "a": { "a": 0, "k": [146, 91.5, 0], "ix": 1 },
        "s": { "a": 0, "k": [100, 100, 100], "ix": 6 }
      },
      "ao": 0,
      "shapes": [
        {
          "ty": "gr",
          "it": [
            {
              "ind": 0,
              "ty": "sh",
              "ix": 1,
              "ks": {
                "a": 0,
                "k": {
                  "i": [
                    [50.365, 0],
                    [15.208, -11.37],
                    [0, 0],
                    [-2.544, -3.327],
                    [0, 0],
                    [2.553, -3.392],
                    [0, 0],
                    [-2.134, -3.373],
                    [0, 0],
                    [1.377, -3.136],
                    [0, 0],
                    [-1.122, -3.31],
                    [0, 0],
                    [0.657, -3.282],
                    [0, 0],
                    [-0.356, -2.973],
                    [0, 0],
                    [0, -3.073],
                    [0, 0],
                    [0.328, -2.9],
                    [0, 0],
                    [-0.602, -2.991],
                    [0, 0],
                    [1.03, -3.082],
                    [0, 0],
                    [-1.285, -2.954],
                    [0, 0],
                    [1.96, -3.109],
                    [0, 0],
                    [-2.206, -2.918],
                    [0, 0],
                    [3.347, -3.009],
                    [10.896, 0.173],
                    [-25.702, 0],
                    [0, 50.356]
                  ],
                  "o": [
                    [-20.442, 0],
                    [0, 0],
                    [2.991, 2.89],
                    [0, 0],
                    [-2.972, 3],
                    [0, 0],
                    [2.544, 3.054],
                    [0, 0],
                    [-1.705, 2.936],
                    [0, 0],
                    [1.477, 3.127],
                    [0, 0],
                    [-1.012, 3.146],
                    [0, 0],
                    [0.675, 3.155],
                    [0, 0],
                    [-0.301, 3],
                    [0, 0],
                    [0, 3.228],
                    [0, 0],
                    [0.31, 3.091],
                    [0, 0],
                    [-0.711, 2.954],
                    [0, 0],
                    [0.966, 3.118],
                    [0, 0],
                    [-1.568, 3.319],
                    [0, 0],
                    [1.842, 3.191],
                    [0, 0],
                    [-2.863, 3.437],
                    [0.182, 0.146],
                    [16.576, 17.105],
                    [50.357, 0],
                    [0, -50.356]
                  ],
                  "v": [
                    [0.006, -91.176],
                    [-54.464, -72.996],
                    [-54.39, -72.986],
                    [-45.556, -64.735],
                    [-64.521, -64.435],
                    [-72.753, -54.778],
                    [-39.311, -54.778],
                    [-32.28, -45.697],
                    [-78.816, -45.697],
                    [-83.475, -36.608],
                    [-26.982, -36.608],
                    [-23.061, -27.809],
                    [-86.821, -27.809],
                    [-89.356, -18.163],
                    [-20.391, -18.163],
                    [-18.84, -9.118],
                    [-90.725, -9.118],
                    [-91.18, 0],
                    [-18.322, 0],
                    [-18.877, 9.118],
                    [-90.725, 9.118],
                    [-89.356, 18.236],
                    [-20.501, 18.236],
                    [-23.063, 27.244],
                    [-87.031, 27.244],
                    [-83.604, 36.343],
                    [-26.982, 36.343],
                    [-32.288, 45.424],
                    [-78.98, 45.424],
                    [-72.898, 54.578],
                    [-39.31, 55.079],
                    [-49.193, 63.595],
                    [-65.441, 63.404],
                    [0.005, 91.176],
                    [91.18, 0]
                  ],
                  "c": true
                },
                "ix": 2
              },
              "nm": "Path 1",
              "mn": "ADBE Vector Shape - Group",
              "hd": false
            },
            {
              "ty": "fl",
              "c": {
                "a": 0,
                "k": [0.964790314319, 0.671504959406, 0.216113759957, 1],
                "ix": 4
              },
              "o": { "a": 0, "k": 100, "ix": 5 },
              "r": 1,
              "bm": 0,
              "nm": "Fill 1",
              "mn": "ADBE Vector Graphic - Fill",
              "hd": false
            },
            {
              "ty": "tr",
              "p": { "a": 0, "k": [200.61, 91.824], "ix": 2 },
              "a": { "a": 0, "k": [0, 0], "ix": 1 },
              "s": { "a": 0, "k": [100, 100], "ix": 3 },
              "r": { "a": 0, "k": 0, "ix": 6 },
              "o": { "a": 0, "k": 100, "ix": 7 },
              "sk": { "a": 0, "k": 0, "ix": 4 },
              "sa": { "a": 0, "k": 0, "ix": 5 },
              "nm": "Transform"
            }
          ],
          "nm": "Group 1",
          "np": 2,
          "cix": 2,
          "bm": 0,
          "ix": 1,
          "mn": "ADBE Vector Group",
          "hd": false
        },
        {
          "ty": "gr",
          "it": [
            {
              "ind": 0,
              "ty": "sh",
              "ix": 1,
              "ks": {
                "a": 0,
                "k": {
                  "i": [
                    [0, -50.357],
                    [50.348, 0],
                    [0, 50.357],
                    [-50.338, 0]
                  ],
                  "o": [
                    [0, 50.366],
                    [-50.348, 0],
                    [0, -50.357],
                    [50.338, 0]
                  ],
                  "v": [
                    [91.149, 0],
                    [0, 91.176],
                    [-91.149, 0],
                    [0, -91.176]
                  ],
                  "c": true
                },
                "ix": 2
              },
              "nm": "Path 1",
              "mn": "ADBE Vector Shape - Group",
              "hd": false
            },
            {
              "ty": "fl",
              "c": {
                "a": 0,
                "k": [0.920469276578, 0.190374232273, 0.167601791083, 1],
                "ix": 4
              },
              "o": { "a": 0, "k": 100, "ix": 5 },
              "r": 1,
              "bm": 0,
              "nm": "Fill 1",
              "mn": "ADBE Vector Graphic - Fill",
              "hd": false
            },
            {
              "ty": "tr",
              "p": { "a": 0, "k": [91.149, 91.823], "ix": 2 },
              "a": { "a": 0, "k": [0, 0], "ix": 1 },
              "s": { "a": 0, "k": [100, 100], "ix": 3 },
              "r": { "a": 0, "k": 0, "ix": 6 },
              "o": { "a": 0, "k": 100, "ix": 7 },
              "sk": { "a": 0, "k": 0, "ix": 4 },
              "sa": { "a": 0, "k": 0, "ix": 5 },
              "nm": "Transform"
            }
          ],
          "nm": "Group 2",
          "np": 2,
          "cix": 2,
          "bm": 0,
          "ix": 2,
          "mn": "ADBE Vector Group",
          "hd": false
        }
      ],
      "ip": 0,
      "op": 70,
      "st": 0,
      "bm": 0
    }
  ],
  "markers": []
}
