{
  "v": "5.7.1",
  "fr": 30,
  "ip": 0,
  "op": 70,
  "w": 500,
  "h": 300,
  "nm": "Visa",
  "ddd": 0,
  "assets": [],
  "layers": [
    {
      "ddd": 0,
      "ind": 1,
      "ty": 4,
      "nm": "wave Outlines",
      "td": 1,
      "sr": 1,
      "ks": {
        "o": { "a": 0, "k": 100, "ix": 11 },
        "r": { "a": 0, "k": 0, "ix": 10 },
        "p": {
          "a": 1,
          "k": [
            {
              "i": { "x": 0.667, "y": 1 },
              "o": { "x": 0.333, "y": 0 },
              "t": 0,
              "s": [-376, 296, 0],
              "to": [105.333, -43, 0],
              "ti": [-105.333, 43, 0]
            },
            { "t": 60, "s": [256, 38, 0] }
          ],
          "ix": 2
        },
        "a": { "a": 0, "k": [1041, 228.5, 0], "ix": 1 },
        "s": { "a": 0, "k": [100, 100, 100], "ix": 6 }
      },
      "ao": 0,
      "shapes": [
        {
          "ty": "gr",
          "it": [
            {
              "ind": 0,
              "ty": "sh",
              "ix": 1,
              "ks": {
                "a": 0,
                "k": {
                  "i": [
                    [-18.959, 18.959],
                    [0, 0],
                    [-39.48, -39.48],
                    [0, 0],
                    [-39.48, 39.48],
                    [0, 0],
                    [-39.48, -39.48],
                    [0, 0],
                    [-39.48, 39.48],
                    [0, 0],
                    [-39.48, -39.48],
                    [0, 0],
                    [-39.48, 39.48],
                    [0, 0],
                    [-39.48, -39.48],
                    [0, 0],
                    [-39.559, 39.013],
                    [0, 0],
                    [-39.287, -39.287],
                    [0, 0],
                    [-39.48, 39.48],
                    [0, 0],
                    [-39.48, -39.48],
                    [0, 0],
                    [-39.48, 39.48],
                    [-39.305, -40.445],
                    [0, 0],
                    [0, -26.312],
                    [0, 0],
                    [55.833, 0],
                    [0, 0],
                    [0, 55.833],
                    [0, 0]
                  ],
                  "o": [
                    [0, 0],
                    [39.48, -39.48],
                    [0, 0],
                    [39.48, 39.48],
                    [0, 0],
                    [39.481, -39.48],
                    [0, 0],
                    [39.481, 39.48],
                    [0, 0],
                    [39.481, -39.48],
                    [0, 0],
                    [39.481, 39.48],
                    [0, 0],
                    [39.481, -39.48],
                    [0, 0],
                    [39.288, 39.286],
                    [0, 0],
                    [39.559, -39.012],
                    [0, 0],
                    [39.481, 39.48],
                    [0, 0],
                    [39.481, -39.48],
                    [0, 0],
                    [39.481, 39.48],
                    [39.88, -39.88],
                    [0, 0],
                    [18.338, 18.869],
                    [0, 0],
                    [0, 55.833],
                    [0, 0],
                    [-55.834, 0],
                    [0, 0],
                    [0, -26.813]
                  ],
                  "v": [
                    [-975.14, -57.363],
                    [-932.236, -100.267],
                    [-789.265, -100.267],
                    [-788.236, -99.238],
                    [-645.265, -99.238],
                    [-644.236, -100.267],
                    [-501.265, -100.267],
                    [-500.236, -99.238],
                    [-357.265, -99.238],
                    [-356.236, -100.267],
                    [-213.265, -100.267],
                    [-213.236, -100.238],
                    [-70.265, -100.238],
                    [-69.236, -101.267],
                    [73.735, -101.267],
                    [75.258, -99.743],
                    [217.732, -99.249],
                    [219.767, -101.257],
                    [362.241, -100.762],
                    [363.764, -99.238],
                    [506.735, -99.238],
                    [507.764, -100.267],
                    [650.735, -100.267],
                    [651.764, -99.238],
                    [794.735, -99.238],
                    [938.72, -98.21],
                    [976.653, -59.178],
                    [1005.25, 11.279],
                    [1005.25, 681.152],
                    [904.154, 782.247],
                    [-903.654, 782.247],
                    [-1004.75, 681.152],
                    [-1004.75, 14.123]
                  ],
                  "c": true
                },
                "ix": 2
              },
              "nm": "Path 1",
              "mn": "ADBE Vector Shape - Group",
              "hd": false
            },
            {
              "ty": "fl",
              "c": { "a": 0, "k": [0, 0, 0, 1], "ix": 4 },
              "o": { "a": 0, "k": 100, "ix": 5 },
              "r": 1,
              "bm": 0,
              "nm": "Fill 1",
              "mn": "ADBE Vector Graphic - Fill",
              "hd": false
            },
            {
              "ty": "tr",
              "p": { "a": 0, "k": [1077.25, 316.253], "ix": 2 },
              "a": { "a": 0, "k": [0, 0], "ix": 1 },
              "s": { "a": 0, "k": [100, 100], "ix": 3 },
              "r": { "a": 0, "k": 0, "ix": 6 },
              "o": { "a": 0, "k": 100, "ix": 7 },
              "sk": { "a": 0, "k": 0, "ix": 4 },
              "sa": { "a": 0, "k": 0, "ix": 5 },
              "nm": "Transform"
            }
          ],
          "nm": "Group 1",
          "np": 4,
          "cix": 2,
          "bm": 0,
          "ix": 1,
          "mn": "ADBE Vector Group",
          "hd": false
        }
      ],
      "ip": 0,
      "op": 70,
      "st": 0,
      "bm": 0
    },
    {
      "ddd": 0,
      "ind": 2,
      "ty": 4,
      "nm": "visa Outlines 3",
      "tt": 1,
      "sr": 1,
      "ks": {
        "o": { "a": 0, "k": 100, "ix": 11 },
        "r": { "a": 0, "k": 0, "ix": 10 },
        "p": { "a": 0, "k": [250, 150, 0], "ix": 2 },
        "a": { "a": 0, "k": [146, 46, 0], "ix": 1 },
        "s": { "a": 0, "k": [151.453, 151.453, 100], "ix": 6 }
      },
      "ao": 0,
      "shapes": [
        {
          "ty": "gr",
          "it": [
            {
              "ind": 0,
              "ty": "sh",
              "ix": 1,
              "ks": {
                "a": 0,
                "k": {
                  "i": [
                    [0, 0],
                    [7.74, 0.1],
                    [0, 0],
                    [0, 0],
                    [-7.714, -20.214]
                  ],
                  "o": [
                    [-1.787, -6.948],
                    [0, 0],
                    [0, 0],
                    [28.329, 6.984],
                    [0, 0]
                  ],
                  "v": [
                    [22.006, -13.453],
                    [6.779, -25.187],
                    [-29.536, -25.187],
                    [-29.91, -23.501],
                    [29.91, 25.187]
                  ],
                  "c": true
                },
                "ix": 2
              },
              "nm": "Path 1",
              "mn": "ADBE Vector Shape - Group",
              "hd": false
            },
            {
              "ty": "fl",
              "c": {
                "a": 0,
                "k": [0.932320807962, 0.77291505103, 0.229599522609, 1],
                "ix": 4
              },
              "o": { "a": 0, "k": 100, "ix": 5 },
              "r": 1,
              "bm": 0,
              "nm": "Fill 1",
              "mn": "ADBE Vector Graphic - Fill",
              "hd": false
            },
            {
              "ty": "tr",
              "p": { "a": 0, "k": [29.91, 25.9], "ix": 2 },
              "a": { "a": 0, "k": [0, 0], "ix": 1 },
              "s": { "a": 0, "k": [100, 100], "ix": 3 },
              "r": { "a": 0, "k": 0, "ix": 6 },
              "o": { "a": 0, "k": 100, "ix": 7 },
              "sk": { "a": 0, "k": 0, "ix": 4 },
              "sa": { "a": 0, "k": 0, "ix": 5 },
              "nm": "Transform"
            }
          ],
          "nm": "Group 1",
          "np": 2,
          "cix": 2,
          "bm": 0,
          "ix": 1,
          "mn": "ADBE Vector Group",
          "hd": false
        },
        {
          "ty": "gr",
          "it": [
            {
              "ind": 0,
              "ty": "sh",
              "ix": 1,
              "ks": {
                "a": 0,
                "k": {
                  "i": [
                    [13.494, 6.291],
                    [0, 4.131],
                    [-9.245, 0],
                    [-4.24, -1.778],
                    [0, 0],
                    [0, 0],
                    [9.054, 0],
                    [0.101, -17.187],
                    [-8.863, -4.222],
                    [0, -3.849],
                    [6.738, 0],
                    [7.613, 3.292],
                    [0, 0],
                    [0, 0],
                    [-10.495, -0.11],
                    [-0.201, 18.317]
                  ],
                  "o": [
                    [-8.179, -4.039],
                    [0.1, -3.756],
                    [7.604, -0.191],
                    [0, 0],
                    [0, 0],
                    [-4.623, -1.787],
                    [-23.113, 0],
                    [-0.191, 12.683],
                    [9.054, 4.331],
                    [-0.1, 5.907],
                    [-9.336, 0],
                    [0, 0],
                    [0, 0],
                    [5.498, 2.444],
                    [24.563, 0],
                    [0.08, -10.048]
                  ],
                  "v": [
                    [12.081, -8.594],
                    [-1.113, -19.49],
                    [12.372, -27.094],
                    [29.806, -23.72],
                    [31.93, -22.772],
                    [35.112, -41.837],
                    [14.104, -45.593],
                    [-25.385, -16.389],
                    [-4.87, 7.554],
                    [7.266, 18.541],
                    [-6.793, 27.175],
                    [-28.756, 22.479],
                    [-31.838, 21.075],
                    [-35.112, 40.888],
                    [-9.008, 45.593],
                    [31.74, 15.441]
                  ],
                  "c": true
                },
                "ix": 2
              },
              "nm": "Path 1",
              "mn": "ADBE Vector Shape - Group",
              "hd": false
            },
            {
              "ty": "fl",
              "c": {
                "a": 0,
                "k": [0.234917808982, 0.507225246055, 0.641920261757, 1],
                "ix": 4
              },
              "o": { "a": 0, "k": 100, "ix": 5 },
              "r": 1,
              "bm": 0,
              "nm": "Fill 1",
              "mn": "ADBE Vector Graphic - Fill",
              "hd": false
            },
            {
              "ty": "tr",
              "p": { "a": 0, "k": [177.776, 46.407], "ix": 2 },
              "a": { "a": 0, "k": [0, 0], "ix": 1 },
              "s": { "a": 0, "k": [100, 100], "ix": 3 },
              "r": { "a": 0, "k": 0, "ix": 6 },
              "o": { "a": 0, "k": 100, "ix": 7 },
              "sk": { "a": 0, "k": 0, "ix": 4 },
              "sa": { "a": 0, "k": 0, "ix": 5 },
              "nm": "Transform"
            }
          ],
          "nm": "Group 2",
          "np": 4,
          "cix": 2,
          "bm": 0,
          "ix": 2,
          "mn": "ADBE Vector Group",
          "hd": false
        },
        {
          "ty": "gr",
          "it": [
            {
              "ind": 0,
              "ty": "sh",
              "ix": 1,
              "ks": {
                "a": 0,
                "k": {
                  "i": [
                    [4.623, 0],
                    [0, 0],
                    [0, 0]
                  ],
                  "o": [
                    [0.474, 0.046],
                    [0, 0],
                    [0, 0]
                  ],
                  "v": [
                    [-3.852, 9.058],
                    [5.576, -20.456],
                    [12.707, 9.058]
                  ],
                  "c": true
                },
                "ix": 2
              },
              "nm": "Path 1",
              "mn": "ADBE Vector Shape - Group",
              "hd": false
            },
            {
              "ind": 1,
              "ty": "sh",
              "ix": 2,
              "ks": {
                "a": 0,
                "k": {
                  "i": [
                    [0, 0],
                    [0, 0],
                    [2.416, -5.726],
                    [0, 0],
                    [0, 0],
                    [0, 0],
                    [0, 0],
                    [0, 0],
                    [0, 0]
                  ],
                  "o": [
                    [0, 0],
                    [-5.58, 0],
                    [0, 0],
                    [0, 0],
                    [0, 0],
                    [0, 0],
                    [0, 0],
                    [0, 0],
                    [0, 0]
                  ],
                  "v": [
                    [23.118, -45.456],
                    [5.01, -45.456],
                    [-7.226, -38.126],
                    [-41.992, 45.383],
                    [-17.429, 45.383],
                    [-10.664, 27.304],
                    [16.818, 27.304],
                    [20.327, 45.456],
                    [41.992, 45.456]
                  ],
                  "c": true
                },
                "ix": 2
              },
              "nm": "Path 2",
              "mn": "ADBE Vector Shape - Group",
              "hd": false
            },
            {
              "ty": "mm",
              "mm": 1,
              "nm": "Merge Paths 1",
              "mn": "ADBE Vector Filter - Merge",
              "hd": false
            },
            {
              "ty": "fl",
              "c": {
                "a": 0,
                "k": [0.234917808982, 0.507225246055, 0.641920261757, 1],
                "ix": 4
              },
              "o": { "a": 0, "k": 100, "ix": 5 },
              "r": 1,
              "bm": 0,
              "nm": "Fill 1",
              "mn": "ADBE Vector Graphic - Fill",
              "hd": false
            },
            {
              "ty": "tr",
              "p": { "a": 0, "k": [249.772, 46.433], "ix": 2 },
              "a": { "a": 0, "k": [0, 0], "ix": 1 },
              "s": { "a": 0, "k": [100, 100], "ix": 3 },
              "r": { "a": 0, "k": 0, "ix": 6 },
              "o": { "a": 0, "k": 100, "ix": 7 },
              "sk": { "a": 0, "k": 0, "ix": 4 },
              "sa": { "a": 0, "k": 0, "ix": 5 },
              "nm": "Transform"
            }
          ],
          "nm": "Group 3",
          "np": 4,
          "cix": 2,
          "bm": 0,
          "ix": 3,
          "mn": "ADBE Vector Group",
          "hd": false
        },
        {
          "ty": "gr",
          "it": [
            {
              "ind": 0,
              "ty": "sh",
              "ix": 1,
              "ks": {
                "a": 0,
                "k": {
                  "i": [
                    [0, 0],
                    [0, 0],
                    [0, 0],
                    [0, 0]
                  ],
                  "o": [
                    [0, 0],
                    [0, 0],
                    [0, 0],
                    [0, 0]
                  ],
                  "v": [
                    [-19.02, 45.561],
                    [4.385, 45.561],
                    [19.02, -45.561],
                    [-4.376, -45.561]
                  ],
                  "c": true
                },
                "ix": 2
              },
              "nm": "Path 1",
              "mn": "ADBE Vector Shape - Group",
              "hd": false
            },
            {
              "ty": "fl",
              "c": {
                "a": 0,
                "k": [0.234917808982, 0.507225246055, 0.641920261757, 1],
                "ix": 4
              },
              "o": { "a": 0, "k": 100, "ix": 5 },
              "r": 1,
              "bm": 0,
              "nm": "Fill 1",
              "mn": "ADBE Vector Graphic - Fill",
              "hd": false
            },
            {
              "ty": "tr",
              "p": { "a": 0, "k": [123.635, 46.256], "ix": 2 },
              "a": { "a": 0, "k": [0, 0], "ix": 1 },
              "s": { "a": 0, "k": [100, 100], "ix": 3 },
              "r": { "a": 0, "k": 0, "ix": 6 },
              "o": { "a": 0, "k": 100, "ix": 7 },
              "sk": { "a": 0, "k": 0, "ix": 4 },
              "sa": { "a": 0, "k": 0, "ix": 5 },
              "nm": "Transform"
            }
          ],
          "nm": "Group 4",
          "np": 4,
          "cix": 2,
          "bm": 0,
          "ix": 4,
          "mn": "ADBE Vector Group",
          "hd": false
        },
        {
          "ty": "gr",
          "it": [
            {
              "ind": 0,
              "ty": "sh",
              "ix": 1,
              "ks": {
                "a": 0,
                "k": {
                  "i": [
                    [0, 0],
                    [0, 0],
                    [0, 0],
                    [0, 0],
                    [15.358, 9.825],
                    [0, 0],
                    [0, 0],
                    [0, 0]
                  ],
                  "o": [
                    [0, 0],
                    [0, 0],
                    [0, 0],
                    [-5.073, -13.08],
                    [0, 0],
                    [0, 0],
                    [0, 0],
                    [0, 0]
                  ],
                  "v": [
                    [16.388, -45.506],
                    [16.388, -45.515],
                    [-6.543, 16.393],
                    [-8.95, 4.631],
                    [-41.152, -31.857],
                    [-20.411, 45.515],
                    [4.353, 45.515],
                    [41.152, -45.506]
                  ],
                  "c": true
                },
                "ix": 2
              },
              "nm": "Path 1",
              "mn": "ADBE Vector Shape - Group",
              "hd": false
            },
            {
              "ty": "fl",
              "c": {
                "a": 0,
                "k": [0.234917808982, 0.507225246055, 0.641920261757, 1],
                "ix": 4
              },
              "o": { "a": 0, "k": 100, "ix": 5 },
              "r": 1,
              "bm": 0,
              "nm": "Fill 1",
              "mn": "ADBE Vector Graphic - Fill",
              "hd": false
            },
            {
              "ty": "tr",
              "p": { "a": 0, "k": [68.671, 46.21], "ix": 2 },
              "a": { "a": 0, "k": [0, 0], "ix": 1 },
              "s": { "a": 0, "k": [100, 100], "ix": 3 },
              "r": { "a": 0, "k": 0, "ix": 6 },
              "o": { "a": 0, "k": 100, "ix": 7 },
              "sk": { "a": 0, "k": 0, "ix": 4 },
              "sa": { "a": 0, "k": 0, "ix": 5 },
              "nm": "Transform"
            }
          ],
          "nm": "Group 5",
          "np": 4,
          "cix": 2,
          "bm": 0,
          "ix": 5,
          "mn": "ADBE Vector Group",
          "hd": false
        }
      ],
      "ip": 0,
      "op": 71,
      "st": 0,
      "bm": 0
    }
  ],
  "markers": []
}

